year,age,deaths
1950,0,68730
1950,1,14081
1950,2,8893
1950,3,5891
1950,4,3995
1950,5,2751
1950,6,1960
1950,7,1488
1950,8,1221
1950,9,1066
1950,10,943
1950,11,875
1950,12,851
1950,13,868
1950,14,917
1950,15,989
1950,16,1076
1950,17,1165
1950,18,1251
1950,19,1330
1950,20,1396
1950,21,1437
1950,22,1438
1950,23,1408
1950,24,1362
1950,25,1311
1950,26,1261
1950,27,1216
1950,28,1177
1950,29,1143
1950,30,1114
1950,31,1087
1950,32,1072
1950,33,1073
1950,34,1080
1950,35,1087
1950,36,1097
1950,37,1104
1950,38,1096
1950,39,1077
1950,40,1062
1950,41,1047
1950,42,1031
1950,43,1026
1950,44,1028
1950,45,1027
1950,46,1028
1950,47,1035
1950,48,1041
1950,49,1048
1950,50,1060
1950,51,1072
1950,52,1083
1950,53,1096
1950,54,1109
1950,55,1123
1950,56,1138
1950,57,1165
1950,58,1207
1950,59,1262
1950,60,1323
1950,61,1390
1950,62,1447
1950,63,1477
1950,64,1486
1950,65,1492
1950,66,1497
1950,67,1502
1950,68,1519
1950,69,1547
1950,70,1570
1950,71,1579
1950,72,1592
1950,73,1621
1950,74,1655
1950,75,1680
1950,76,1706
1950,77,1713
1950,78,1677
1950,79,1599
1950,80,1512
1950,81,1423
1950,82,1309
1950,83,1168
1950,84,1010
1950,85,828
1950,86,619
1950,87,432
1950,88,318
1950,89,267
1950,90,212
1950,91,174
1950,92,149
1950,93,110
1950,94,61
1950,95,30
1950,96,27
1950,97,24
1950,98,17
1950,99,11
1950,100,16
1951,0,68942
1951,1,14089
1951,2,8890
1951,3,5770
1951,4,3933
1951,5,2716
1951,6,1936
1951,7,1467
1951,8,1199
1951,9,1043
1951,10,922
1951,11,855
1951,12,830
1951,13,843
1951,14,890
1951,15,961
1951,16,1046
1951,17,1136
1951,18,1229
1951,19,1313
1951,20,1376
1951,21,1415
1951,22,1422
1951,23,1397
1951,24,1356
1951,25,1307
1951,26,1258
1951,27,1214
1951,28,1174
1951,29,1139
1951,30,1110
1951,31,1086
1951,32,1065
1951,33,1054
1951,34,1056
1951,35,1066
1951,36,1076
1951,37,1091
1951,38,1102
1951,39,1096
1951,40,1078
1951,41,1062
1951,42,1046
1951,43,1029
1951,44,1024
1951,45,1028
1951,46,1032
1951,47,1039
1951,48,1052
1951,49,1064
1951,50,1075
1951,51,1086
1951,52,1097
1951,53,1105
1951,54,1115
1951,55,1129
1951,56,1145
1951,57,1167
1951,58,1202
1951,59,1253
1951,60,1314
1951,61,1377
1951,62,1441
1951,63,1491
1951,64,1512
1951,65,1514
1951,66,1516
1951,67,1521
1951,68,1527
1951,69,1546
1951,70,1572
1951,71,1586
1951,72,1580
1951,73,1575
1951,74,1586
1951,75,1603
1951,76,1613
1951,77,1624
1951,78,1619
1951,79,1571
1951,80,1482
1951,81,1383
1951,82,1282
1951,83,1160
1951,84,1016
1951,85,859
1951,86,688
1951,87,502
1951,88,343
1951,89,247
1951,90,203
1951,91,158
1951,92,127
1951,93,107
1951,94,77
1951,95,41
1951,96,20
1951,97,17
1951,98,15
1951,99,11
1951,100,15
1952,0,69377
1952,1,13919
1952,2,8923
1952,3,5759
1952,4,3831
1952,5,2651
1952,6,1890
1952,7,1432
1952,8,1172
1952,9,1020
1952,10,900
1952,11,834
1952,12,810
1952,13,820
1952,14,861
1952,15,926
1952,16,1006
1952,17,1090
1952,18,1179
1952,19,1267
1952,20,1331
1952,21,1364
1952,22,1366
1952,23,1345
1952,24,1308
1952,25,1262
1952,26,1215
1952,27,1173
1952,28,1135
1952,29,1100
1952,30,1072
1952,31,1050
1952,32,1033
1952,33,1017
1952,34,1008
1952,35,1012
1952,36,1025
1952,37,1038
1952,38,1055
1952,39,1069
1952,40,1066
1952,41,1049
1952,42,1034
1952,43,1018
1952,44,1003
1952,45,1002
1952,46,1011
1952,47,1021
1952,48,1035
1952,49,1054
1952,50,1070
1952,51,1081
1952,52,1092
1952,53,1101
1952,54,1108
1952,55,1120
1952,56,1139
1952,57,1163
1952,58,1194
1952,59,1237
1952,60,1294
1952,61,1357
1952,62,1416
1952,63,1474
1952,64,1517
1952,65,1534
1952,66,1535
1952,67,1539
1952,68,1549
1952,69,1558
1952,70,1576
1952,71,1595
1952,72,1595
1952,73,1572
1952,74,1551
1952,75,1547
1952,76,1550
1952,77,1549
1952,78,1548
1952,79,1531
1952,80,1472
1952,81,1371
1952,82,1262
1952,83,1153
1952,84,1025
1952,85,881
1952,86,729
1952,87,571
1952,88,408
1952,89,274
1952,90,194
1952,91,156
1952,92,119
1952,93,93
1952,94,76
1952,95,53
1952,96,28
1952,97,13
1952,98,11
1952,99,9
1952,100,15
1953,0,69810
1953,1,13772
1953,2,8787
1953,3,5768
1953,4,3821
1953,5,2582
1953,6,1846
1953,7,1402
1953,8,1149
1953,9,1001
1953,10,883
1953,11,817
1953,12,793
1953,13,803
1953,14,840
1953,15,899
1953,16,973
1953,17,1052
1953,18,1135
1953,19,1219
1953,20,1287
1953,21,1322
1953,22,1320
1953,23,1295
1953,24,1262
1953,25,1221
1953,26,1177
1953,27,1137
1953,28,1101
1953,29,1068
1953,30,1040
1953,31,1018
1953,32,1003
1953,33,991
1953,34,977
1953,35,970
1953,36,977
1953,37,993
1953,38,1009
1953,39,1029
1953,40,1045
1953,41,1042
1953,42,1027
1953,43,1012
1953,44,999
1953,45,987
1953,46,991
1953,47,1006
1953,48,1023
1953,49,1042
1953,50,1065
1953,51,1082
1953,52,1092
1953,53,1101
1953,54,1109
1953,55,1118
1953,56,1135
1953,57,1161
1953,58,1194
1953,59,1234
1953,60,1283
1953,61,1341
1953,62,1401
1953,63,1455
1953,64,1506
1953,65,1546
1953,66,1561
1953,67,1564
1953,68,1573
1953,69,1586
1953,70,1595
1953,71,1605
1953,72,1610
1953,73,1593
1953,74,1554
1953,75,1518
1953,76,1501
1953,77,1493
1953,78,1480
1953,79,1468
1953,80,1438
1953,81,1366
1953,82,1256
1953,83,1138
1953,84,1023
1953,85,893
1953,86,752
1953,87,609
1953,88,468
1953,89,328
1953,90,215
1953,91,149
1953,92,118
1953,93,87
1953,94,67
1953,95,52
1953,96,35
1953,97,18
1953,98,8
1953,99,7
1953,100,14
1954,0,70100
1954,1,13619
1954,2,8675
1954,3,5678
1954,4,3834
1954,5,2584
1954,6,1809
1954,7,1381
1954,8,1137
1954,9,993
1954,10,877
1954,11,812
1954,12,787
1954,13,796
1954,14,834
1954,15,889
1954,16,957
1954,17,1031
1954,18,1110
1954,19,1189
1954,20,1255
1954,21,1295
1954,22,1295
1954,23,1267
1954,24,1231
1954,25,1194
1954,26,1155
1954,27,1118
1954,28,1082
1954,29,1051
1954,30,1024
1954,31,1002
1954,32,987
1954,33,977
1954,34,967
1954,35,955
1954,36,951
1954,37,961
1954,38,980
1954,39,999
1954,40,1020
1954,41,1037
1954,42,1034
1954,43,1019
1954,44,1007
1954,45,996
1954,46,989
1954,47,999
1954,48,1020
1954,49,1042
1954,50,1065
1954,51,1089
1954,52,1104
1954,53,1112
1954,54,1120
1954,55,1130
1954,56,1144
1954,57,1168
1954,58,1203
1954,59,1245
1954,60,1290
1954,61,1340
1954,62,1395
1954,63,1449
1954,64,1496
1954,65,1544
1954,66,1583
1954,67,1601
1954,68,1607
1954,69,1619
1954,70,1630
1954,71,1631
1954,72,1627
1954,73,1614
1954,74,1580
1954,75,1525
1954,76,1476
1954,77,1448
1954,78,1429
1954,79,1406
1954,80,1381
1954,81,1337
1954,82,1253
1954,83,1134
1954,84,1011
1954,85,892
1954,86,763
1954,87,629
1954,88,499
1954,89,375
1954,90,257
1954,91,165
1954,92,112
1954,93,86
1954,94,62
1954,95,46
1954,96,35
1954,97,23
1954,98,12
1954,99,5
1954,100,12
1955,0,70248
1955,1,13387
1955,2,8550
1955,3,5596
1955,4,3771
1955,5,2592
1955,6,1810
1955,7,1353
1955,8,1119
1955,9,981
1955,10,868
1955,11,804
1955,12,779
1955,13,789
1955,14,826
1955,15,882
1955,16,948
1955,17,1016
1955,18,1090
1955,19,1165
1955,20,1226
1955,21,1265
1955,22,1272
1955,23,1247
1955,24,1209
1955,25,1169
1955,26,1134
1955,27,1101
1955,28,1068
1955,29,1037
1955,30,1012
1955,31,991
1955,32,976
1955,33,966
1955,34,957
1955,35,949
1955,36,941
1955,37,940
1955,38,953
1955,39,974
1955,40,995
1955,41,1017
1955,42,1034
1955,43,1032
1955,44,1018
1955,45,1009
1955,46,1002
1955,47,1001
1955,48,1016
1955,49,1043
1955,50,1069
1955,51,1093
1955,52,1115
1955,53,1128
1955,54,1136
1955,55,1146
1955,56,1160
1955,57,1181
1955,58,1214
1955,59,1257
1955,60,1305
1955,61,1351
1955,62,1397
1955,63,1446
1955,64,1494
1955,65,1538
1955,66,1584
1955,67,1626
1955,68,1648
1955,69,1657
1955,70,1667
1955,71,1670
1955,72,1656
1955,73,1634
1955,74,1603
1955,75,1553
1955,76,1486
1955,77,1427
1955,78,1389
1955,79,1360
1955,80,1325
1955,81,1286
1955,82,1228
1955,83,1133
1955,84,1008
1955,85,882
1955,86,762
1955,87,638
1955,88,515
1955,89,400
1955,90,295
1955,91,198
1955,92,124
1955,93,82
1955,94,61
1955,95,43
1955,96,31
1955,97,23
1955,98,15
1955,99,7
1955,100,10
1956,0,70317
1956,1,13129
1956,2,8414
1956,3,5527
1956,4,3728
1956,5,2561
1956,6,1827
1956,7,1364
1956,8,1105
1956,9,973
1956,10,864
1956,11,803
1956,12,779
1956,13,789
1956,14,826
1956,15,882
1956,16,948
1956,17,1013
1956,18,1081
1956,19,1150
1956,20,1209
1956,21,1243
1956,22,1249
1956,23,1231
1956,24,1196
1956,25,1154
1956,26,1117
1956,27,1087
1956,28,1059
1956,29,1030
1956,30,1005
1956,31,985
1956,32,972
1956,33,961
1956,34,953
1956,35,947
1956,36,941
1956,37,936
1956,38,937
1956,39,953
1956,40,976
1956,41,997
1956,42,1020
1956,43,1038
1956,44,1037
1956,45,1027
1956,46,1021
1956,47,1020
1956,48,1024
1956,49,1045
1956,50,1075
1956,51,1101
1956,52,1124
1956,53,1145
1956,54,1157
1956,55,1166
1956,56,1180
1956,57,1202
1956,58,1232
1956,59,1273
1956,60,1322
1956,61,1370
1956,62,1412
1956,63,1453
1956,64,1495
1956,65,1539
1956,66,1582
1956,67,1631
1956,68,1678
1956,69,1702
1956,70,1709
1956,71,1711
1956,72,1699
1956,73,1667
1956,74,1626
1956,75,1579
1956,76,1516
1956,77,1439
1956,78,1371
1956,79,1324
1956,80,1284
1956,81,1236
1956,82,1183
1956,83,1111
1956,84,1008
1956,85,880
1956,86,754
1956,87,638
1956,88,523
1956,89,414
1956,90,314
1956,91,226
1956,92,148
1956,93,91
1956,94,58
1956,95,42
1956,96,29
1956,97,20
1956,98,15
1956,99,9
1956,100,10
1957,0,69478
1957,1,12325
1957,2,7932
1957,3,5203
1957,4,3496
1957,5,2385
1957,6,1685
1957,7,1277
1957,8,1032
1957,9,895
1957,10,804
1957,11,754
1957,12,737
1957,13,746
1957,14,776
1957,15,821
1957,16,875
1957,17,930
1957,18,982
1957,19,1028
1957,20,1065
1957,21,1086
1957,22,1086
1957,23,1071
1957,24,1047
1957,25,1013
1957,26,977
1957,27,949
1957,28,929
1957,29,912
1957,30,897
1957,31,885
1957,32,877
1957,33,871
1957,34,866
1957,35,862
1957,36,861
1957,37,861
1957,38,861
1957,39,867
1957,40,886
1957,41,911
1957,42,934
1957,43,957
1957,44,977
1957,45,981
1957,46,976
1957,47,978
1957,48,985
1957,49,996
1957,50,1021
1957,51,1053
1957,52,1079
1957,53,1101
1957,54,1122
1957,55,1136
1957,56,1150
1957,57,1172
1957,58,1203
1957,59,1242
1957,60,1289
1957,61,1339
1957,62,1384
1957,63,1420
1957,64,1455
1957,65,1493
1957,66,1536
1957,67,1582
1957,68,1636
1957,69,1685
1957,70,1709
1957,71,1711
1957,72,1701
1957,73,1675
1957,74,1630
1957,75,1578
1957,76,1522
1957,77,1451
1957,78,1368
1957,79,1293
1957,80,1236
1957,81,1183
1957,82,1123
1957,83,1057
1957,84,976
1957,85,867
1957,86,741
1957,87,622
1957,88,515
1957,89,413
1957,90,320
1957,91,238
1957,92,167
1957,93,107
1957,94,64
1957,95,39
1957,96,28
1957,97,18
1957,98,13
1957,99,9
1957,100,11
1958,0,69354
1958,1,12058
1958,2,7781
1958,3,5117
1958,4,3448
1958,5,2360
1958,6,1670
1958,7,1264
1958,8,1042
1958,9,901
1958,10,793
1958,11,748
1958,12,733
1958,13,743
1958,14,775
1958,15,819
1958,16,872
1958,17,925
1958,18,976
1958,19,1017
1958,20,1046
1958,21,1061
1958,22,1059
1958,23,1041
1958,24,1018
1958,25,991
1958,26,959
1958,27,929
1958,28,908
1958,29,893
1958,30,881
1958,31,871
1958,32,864
1958,33,859
1958,34,855
1958,35,852
1958,36,851
1958,37,853
1958,38,856
1958,39,858
1958,40,866
1958,41,886
1958,42,911
1958,43,935
1958,44,960
1958,45,983
1958,46,992
1958,47,993
1958,48,1000
1958,49,1012
1958,50,1025
1958,51,1051
1958,52,1082
1958,53,1107
1958,54,1128
1958,55,1151
1958,56,1170
1958,57,1191
1958,58,1222
1958,59,1261
1958,60,1305
1958,61,1353
1958,62,1401
1958,63,1440
1958,64,1470
1958,65,1500
1958,66,1539
1958,67,1585
1958,68,1635
1958,69,1692
1958,70,1742
1958,71,1761
1958,72,1748
1958,73,1721
1958,74,1677
1958,75,1615
1958,76,1549
1958,77,1481
1958,78,1401
1958,79,1308
1958,80,1224
1958,81,1156
1958,82,1092
1958,83,1020
1958,84,945
1958,85,856
1958,86,745
1958,87,624
1958,88,512
1958,89,416
1958,90,328
1958,91,249
1958,92,181
1958,93,125
1958,94,78
1958,95,44
1958,96,27
1958,97,18
1958,98,12
1958,99,8
1958,100,12
1959,0,68638
1959,1,11507
1959,2,7443
1959,3,4888
1959,4,3285
1959,5,2241
1959,6,1580
1959,7,1191
1959,8,981
1959,9,868
1959,10,765
1959,11,709
1959,12,701
1959,13,713
1959,14,742
1959,15,782
1959,16,828
1959,17,874
1959,18,916
1959,19,947
1959,20,964
1959,21,966
1959,22,958
1959,23,940
1959,24,916
1959,25,892
1959,26,868
1959,27,844
1959,28,824
1959,29,812
1959,30,807
1959,31,804
1959,32,801
1959,33,799
1959,34,798
1959,35,798
1959,36,799
1959,37,802
1959,38,808
1959,39,815
1959,40,821
1959,41,831
1959,42,852
1959,43,878
1959,44,903
1959,45,932
1959,46,960
1959,47,975
1959,48,983
1959,49,996
1959,50,1012
1959,51,1027
1959,52,1053
1959,53,1083
1959,54,1107
1959,55,1130
1959,56,1158
1959,57,1185
1959,58,1215
1959,59,1254
1959,60,1299
1959,61,1345
1959,62,1391
1959,63,1433
1959,64,1466
1959,65,1492
1959,66,1522
1959,67,1563
1959,68,1613
1959,69,1667
1959,70,1726
1959,71,1772
1959,72,1778
1959,73,1751
1959,74,1708
1959,75,1650
1959,76,1576
1959,77,1500
1959,78,1422
1959,79,1332
1959,80,1232
1959,81,1139
1959,82,1061
1959,83,987
1959,84,906
1959,85,823
1959,86,730
1959,87,622
1959,88,510
1959,89,410
1959,90,327
1959,91,252
1959,92,188
1959,93,133
1959,94,90
1959,95,54
1959,96,30
1959,97,18
1959,98,12
1959,99,7
1959,100,11
1960,0,68136
1960,1,11129
1960,2,7238
1960,3,4763
1960,4,3202
1960,5,2184
1960,6,1540
1960,7,1162
1960,8,956
1960,9,845
1960,10,761
1960,11,706
1960,12,683
1960,13,699
1960,14,730
1960,15,771
1960,16,817
1960,17,861
1960,18,899
1960,19,926
1960,20,939
1960,21,936
1960,22,921
1960,23,900
1960,24,876
1960,25,850
1960,26,828
1960,27,810
1960,28,793
1960,29,781
1960,30,775
1960,31,775
1960,32,776
1960,33,776
1960,34,776
1960,35,778
1960,36,780
1960,37,784
1960,38,791
1960,39,800
1960,40,809
1960,41,815
1960,42,826
1960,43,848
1960,44,876
1960,45,904
1960,46,938
1960,47,972
1960,48,993
1960,49,1006
1960,50,1023
1960,51,1039
1960,52,1053
1960,53,1077
1960,54,1107
1960,55,1133
1960,56,1161
1960,57,1196
1960,58,1232
1960,59,1271
1960,60,1316
1960,61,1362
1960,62,1405
1960,63,1446
1960,64,1482
1960,65,1511
1960,66,1537
1960,67,1569
1960,68,1614
1960,69,1668
1960,70,1723
1960,71,1778
1960,72,1812
1960,73,1803
1960,74,1757
1960,75,1697
1960,76,1624
1960,77,1537
1960,78,1450
1960,79,1361
1960,80,1263
1960,81,1153
1960,82,1052
1960,83,966
1960,84,883
1960,85,796
1960,86,708
1960,87,615
1960,88,513
1960,89,412
1960,90,326
1960,91,254
1960,92,193
1960,93,140
1960,94,97
1960,95,63
1960,96,37
1960,97,20
1960,98,11
1960,99,7
1960,100,11
1961,0,67722
1961,1,10853
1961,2,7080
1961,3,4675
1961,4,3150
1961,5,2151
1961,6,1519
1961,7,1147
1961,8,946
1961,9,836
1961,10,751
1961,11,711
1961,12,688
1961,13,690
1961,14,724
1961,15,768
1961,16,815
1961,17,860
1961,18,897
1961,19,921
1961,20,932
1961,21,927
1961,22,908
1961,23,881
1961,24,853
1961,25,827
1961,26,803
1961,27,787
1961,28,775
1961,29,765
1961,30,758
1961,31,757
1961,32,760
1961,33,763
1961,34,766
1961,35,768
1961,36,771
1961,37,777
1961,38,784
1961,39,793
1961,40,803
1961,41,813
1961,42,820
1961,43,832
1961,44,855
1961,45,886
1961,46,919
1961,47,959
1961,48,999
1961,49,1026
1961,50,1042
1961,51,1059
1961,52,1074
1961,53,1086
1961,54,1110
1961,55,1141
1961,56,1173
1961,57,1209
1961,58,1253
1961,59,1297
1961,60,1341
1961,61,1388
1961,62,1432
1961,63,1469
1961,64,1504
1961,65,1536
1961,66,1565
1961,67,1593
1961,68,1629
1961,69,1677
1961,70,1732
1961,71,1783
1961,72,1827
1961,73,1845
1961,74,1817
1961,75,1753
1961,76,1677
1961,77,1589
1961,78,1490
1961,79,1392
1961,80,1293
1961,81,1186
1961,82,1069
1961,83,961
1961,84,867
1961,85,778
1961,86,687
1961,87,599
1961,88,509
1961,89,416
1961,90,328
1961,91,254
1961,92,195
1961,93,145
1961,94,103
1961,95,69
1961,96,44
1961,97,25
1961,98,13
1961,99,7
1961,100,11
1962,0,67239
1962,1,10615
1962,2,6941
1962,3,4597
1962,4,3109
1962,5,2130
1962,6,1507
1962,7,1140
1962,8,941
1962,9,833
1962,10,749
1962,11,707
1962,12,698
1962,13,699
1962,14,719
1962,15,767
1962,16,817
1962,17,863
1962,18,901
1962,19,924
1962,20,931
1962,21,924
1962,22,904
1962,23,873
1962,24,840
1962,25,810
1962,26,786
1962,27,768
1962,28,758
1962,29,753
1962,30,748
1962,31,745
1962,32,747
1962,33,752
1962,34,757
1962,35,761
1962,36,766
1962,37,772
1962,38,780
1962,39,789
1962,40,800
1962,41,811
1962,42,822
1962,43,829
1962,44,843
1962,45,869
1962,46,904
1962,47,944
1962,48,990
1962,49,1036
1962,50,1065
1962,51,1082
1962,52,1098
1962,53,1111
1962,54,1122
1962,55,1147
1962,56,1184
1962,57,1223
1962,58,1268
1962,59,1321
1962,60,1371
1962,61,1417
1962,62,1460
1962,63,1499
1962,64,1531
1962,65,1562
1962,66,1593
1962,67,1625
1962,68,1656
1962,69,1694
1962,70,1744
1962,71,1795
1962,72,1834
1962,73,1862
1962,74,1862
1962,75,1814
1962,76,1733
1962,77,1641
1962,78,1541
1962,79,1431
1962,80,1323
1962,81,1215
1962,82,1100
1962,83,977
1962,84,864
1962,85,765
1962,86,673
1962,87,582
1962,88,496
1962,89,413
1962,90,331
1962,91,256
1962,92,195
1962,93,146
1962,94,106
1962,95,73
1962,96,48
1962,97,29
1962,98,16
1962,99,8
1962,100,11
1963,0,66459
1963,1,10314
1963,2,6780
1963,3,4504
1963,4,3054
1963,5,2098
1963,6,1487
1963,7,1126
1963,8,930
1963,9,824
1963,10,742
1963,11,701
1963,12,692
1963,13,707
1963,14,727
1963,15,759
1963,16,814
1963,17,863
1963,18,901
1963,19,924
1963,20,930
1963,21,920
1963,22,897
1963,23,866
1963,24,830
1963,25,795
1963,26,769
1963,27,750
1963,28,738
1963,29,734
1963,30,734
1963,31,733
1963,32,733
1963,33,737
1963,34,744
1963,35,752
1963,36,758
1963,37,766
1963,38,774
1963,39,785
1963,40,795
1963,41,807
1963,42,819
1963,43,830
1963,44,840
1963,45,856
1963,46,886
1963,47,928
1963,48,973
1963,49,1025
1963,50,1075
1963,51,1106
1963,52,1121
1963,53,1135
1963,54,1147
1963,55,1160
1963,56,1190
1963,57,1235
1963,58,1283
1963,59,1336
1963,60,1395
1963,61,1447
1963,62,1490
1963,63,1528
1963,64,1561
1963,65,1590
1963,66,1620
1963,67,1654
1963,68,1688
1963,69,1722
1963,70,1761
1963,71,1806
1963,72,1846
1963,73,1870
1963,74,1879
1963,75,1860
1963,76,1795
1963,77,1698
1963,78,1593
1963,79,1481
1963,80,1360
1963,81,1243
1963,82,1128
1963,83,1006
1963,84,879
1963,85,763
1963,86,662
1963,87,570
1963,88,482
1963,89,403
1963,90,329
1963,91,259
1963,92,196
1963,93,146
1963,94,107
1963,95,75
1963,96,50
1963,97,32
1963,98,19
1963,99,10
1963,100,12
1964,0,65485
1964,1,10019
1964,2,6619
1964,3,4416
1964,4,3003
1964,5,2069
1964,6,1471
1964,7,1116
1964,8,923
1964,9,819
1964,10,739
1964,11,700
1964,12,690
1964,13,705
1964,14,741
1964,15,774
1964,16,812
1964,17,867
1964,18,909
1964,19,935
1964,20,942
1964,21,931
1964,22,906
1964,23,872
1964,24,835
1964,25,798
1964,26,766
1964,27,744
1964,28,731
1964,29,724
1964,30,724
1964,31,728
1964,32,730
1964,33,732
1964,34,738
1964,35,747
1964,36,757
1964,37,766
1964,38,775
1964,39,786
1964,40,798
1964,41,809
1964,42,822
1964,43,834
1964,44,847
1964,45,859
1964,46,879
1964,47,915
1964,48,963
1964,49,1014
1964,50,1070
1964,51,1122
1964,52,1152
1964,53,1165
1964,54,1178
1964,55,1192
1964,56,1209
1964,57,1246
1964,58,1300
1964,59,1357
1964,60,1417
1964,61,1477
1964,62,1527
1964,63,1565
1964,64,1597
1964,65,1627
1964,66,1654
1964,67,1686
1964,68,1724
1964,69,1761
1964,70,1794
1964,71,1829
1964,72,1863
1964,73,1888
1964,74,1893
1964,75,1883
1964,76,1845
1964,77,1763
1964,78,1651
1964,79,1534
1964,80,1411
1964,81,1282
1964,82,1157
1964,83,1034
1964,84,908
1964,85,779
1964,86,662
1964,87,563
1964,88,474
1964,89,393
1964,90,321
1964,91,257
1964,92,198
1964,93,147
1964,94,107
1964,95,76
1964,96,52
1964,97,34
1964,98,21
1964,99,12
1964,100,13
1965,0,64248
1965,1,9695
1965,2,6443
1965,3,4321
1965,4,2951
1965,5,2040
1965,6,1456
1965,7,1108
1965,8,918
1965,9,815
1965,10,737
1965,11,699
1965,12,691
1965,13,706
1965,14,741
1965,15,790
1965,16,828
1965,17,864
1965,18,911
1965,19,938
1965,20,946
1965,21,934
1965,22,907
1965,23,871
1965,24,833
1965,25,795
1965,26,761
1965,27,735
1965,28,719
1965,29,711
1965,30,710
1965,31,714
1965,32,721
1965,33,726
1965,34,730
1965,35,738
1965,36,749
1965,37,762
1965,38,773
1965,39,785
1965,40,798
1965,41,811
1965,42,823
1965,43,837
1965,44,851
1965,45,867
1965,46,883
1965,47,908
1965,48,951
1965,49,1004
1965,50,1059
1965,51,1117
1965,52,1170
1965,53,1199
1965,54,1211
1965,55,1226
1965,56,1244
1965,57,1267
1965,58,1314
1965,59,1377
1965,60,1440
1965,61,1502
1965,62,1561
1965,63,1605
1965,64,1637
1965,65,1667
1965,66,1695
1965,67,1725
1965,68,1760
1965,69,1800
1965,70,1837
1965,71,1866
1965,72,1889
1965,73,1907
1965,74,1914
1965,75,1900
1965,76,1871
1965,77,1815
1965,78,1717
1965,79,1592
1965,80,1464
1965,81,1332
1965,82,1194
1965,83,1062
1965,84,935
1965,85,805
1965,86,677
1965,87,563
1965,88,468
1965,89,386
1965,90,314
1965,91,251
1965,92,197
1965,93,149
1965,94,108
1965,95,76
1965,96,53
1965,97,35
1965,98,22
1965,99,14
1965,100,16
1966,0,62731
1966,1,9332
1966,2,6243
1966,3,4212
1966,4,2892
1966,5,2008
1966,6,1438
1966,7,1098
1966,8,912
1966,9,811
1966,10,734
1966,11,697
1966,12,691
1966,13,708
1966,14,742
1966,15,790
1966,16,846
1966,17,881
1966,18,907
1966,19,938
1966,20,948
1966,21,936
1966,22,909
1966,23,872
1966,24,831
1966,25,792
1966,26,758
1966,27,730
1966,28,710
1966,29,700
1966,30,697
1966,31,700
1966,32,707
1966,33,717
1966,34,724
1966,35,731
1966,36,741
1966,37,756
1966,38,771
1966,39,785
1966,40,799
1966,41,813
1966,42,827
1966,43,841
1966,44,856
1966,45,874
1966,46,894
1966,47,915
1966,48,946
1966,49,993
1966,50,1051
1966,51,1109
1966,52,1168
1966,53,1220
1966,54,1249
1966,55,1263
1966,56,1282
1966,57,1307
1966,58,1339
1966,59,1393
1966,60,1463
1966,61,1529
1966,62,1589
1966,63,1644
1966,64,1683
1966,65,1712
1966,66,1740
1966,67,1770
1966,68,1803
1966,69,1841
1966,70,1881
1966,71,1913
1966,72,1930
1966,73,1936
1966,74,1936
1966,75,1923
1966,76,1890
1966,77,1842
1966,78,1770
1966,79,1657
1966,80,1521
1966,81,1383
1966,82,1242
1966,83,1098
1966,84,961
1966,85,830
1966,86,700
1966,87,576
1966,88,469
1966,89,382
1966,90,309
1966,91,246
1966,92,193
1966,93,148
1966,94,109
1966,95,77
1966,96,53
1966,97,36
1966,98,23
1966,99,14
1966,100,18
1967,0,60993
1967,1,8940
1967,2,6023
1967,3,4091
1967,4,2827
1967,5,1974
1967,6,1420
1967,7,1088
1967,8,906
1967,9,808
1967,10,733
1967,11,697
1967,12,692
1967,13,711
1967,14,747
1967,15,795
1967,16,850
1967,17,904
1967,18,929
1967,19,939
1967,20,951
1967,21,942
1967,22,915
1967,23,878
1967,24,836
1967,25,796
1967,26,760
1967,27,732
1967,28,709
1967,29,695
1967,30,690
1967,31,692
1967,32,697
1967,33,707
1967,34,719
1967,35,729
1967,36,738
1967,37,751
1967,38,769
1967,39,786
1967,40,802
1967,41,817
1967,42,832
1967,43,848
1967,44,864
1967,45,882
1967,46,905
1967,47,930
1967,48,956
1967,49,991
1967,50,1043
1967,51,1103
1967,52,1162
1967,53,1222
1967,54,1275
1967,55,1306
1967,56,1324
1967,57,1350
1967,58,1383
1967,59,1422
1967,60,1483
1967,61,1555
1967,62,1620
1967,63,1675
1967,64,1725
1967,65,1761
1967,66,1788
1967,67,1818
1967,68,1851
1967,69,1886
1967,70,1924
1967,71,1959
1967,72,1979
1967,73,1979
1967,74,1966
1967,75,1946
1967,76,1913
1967,77,1861
1967,78,1796
1967,79,1708
1967,80,1583
1967,81,1436
1967,82,1289
1967,83,1142
1967,84,993
1967,85,853
1967,86,721
1967,87,596
1967,88,480
1967,89,382
1967,90,305
1967,91,242
1967,92,188
1967,93,145
1967,94,108
1967,95,77
1967,96,53
1967,97,36
1967,98,23
1967,99,15
1967,100,19
1968,0,58997
1968,1,8506
1968,2,5771
1968,3,3948
1968,4,2747
1968,5,1931
1968,6,1397
1968,7,1075
1968,8,897
1968,9,801
1968,10,728
1968,11,695
1968,12,691
1968,13,711
1968,14,750
1968,15,801
1968,16,857
1968,17,910
1968,18,955
1968,19,963
1968,20,953
1968,21,948
1968,22,923
1968,23,887
1968,24,845
1968,25,803
1968,26,766
1968,27,736
1968,28,713
1968,29,696
1968,30,687
1968,31,686
1968,32,691
1968,33,700
1968,34,712
1968,35,727
1968,36,739
1968,37,751
1968,38,766
1968,39,786
1968,40,806
1968,41,823
1968,42,840
1968,43,857
1968,44,875
1968,45,894
1968,46,917
1968,47,944
1968,48,975
1968,49,1005
1968,50,1044
1968,51,1098
1968,52,1160
1968,53,1219
1968,54,1280
1968,55,1337
1968,56,1373
1968,57,1398
1968,58,1432
1968,59,1472
1968,60,1517
1968,61,1580
1968,62,1651
1968,63,1712
1968,64,1763
1968,65,1809
1968,66,1844
1968,67,1872
1968,68,1904
1968,69,1940
1968,70,1974
1968,71,2007
1968,72,2030
1968,73,2033
1968,74,2014
1968,75,1980
1968,76,1940
1968,77,1888
1968,78,1818
1968,79,1737
1968,80,1634
1968,81,1497
1968,82,1342
1968,83,1188
1968,84,1035
1968,85,883
1968,86,743
1968,87,615
1968,88,497
1968,89,392
1968,90,306
1968,91,239
1968,92,185
1968,93,141
1968,94,106
1968,95,77
1968,96,54
1968,97,36
1968,98,23
1968,99,15
1968,100,21
1969,0,56848
1969,1,8043
1969,2,5501
1969,3,3793
1969,4,2658
1969,5,1881
1969,6,1369
1969,7,1056
1969,8,882
1969,9,787
1969,10,716
1969,11,683
1969,12,680
1969,13,700
1969,14,740
1969,15,793
1969,16,852
1969,17,906
1969,18,951
1969,19,981
1969,20,972
1969,21,948
1969,22,933
1969,23,903
1969,24,865
1969,25,826
1969,26,789
1969,27,756
1969,28,730
1969,29,710
1969,30,695
1969,31,689
1969,32,692
1969,33,702
1969,34,717
1969,35,737
1969,36,758
1969,37,775
1969,38,790
1969,39,806
1969,40,824
1969,41,841
1969,42,856
1969,43,873
1969,44,893
1969,45,915
1969,46,941
1969,47,971
1969,48,1004
1969,49,1038
1969,50,1070
1969,51,1108
1969,52,1160
1969,53,1219
1969,54,1278
1969,55,1341
1969,56,1404
1969,57,1447
1969,58,1480
1969,59,1522
1969,60,1566
1969,61,1610
1969,62,1670
1969,63,1734
1969,64,1785
1969,65,1828
1969,66,1869
1969,67,1902
1969,68,1930
1969,69,1962
1969,70,1996
1969,71,2026
1969,72,2046
1969,73,2052
1969,74,2036
1969,75,1996
1969,76,1942
1969,77,1883
1969,78,1814
1969,79,1729
1969,80,1634
1969,81,1520
1969,82,1375
1969,83,1215
1969,84,1057
1969,85,904
1969,86,756
1969,87,623
1969,88,505
1969,89,399
1969,90,309
1969,91,236
1969,92,181
1969,93,137
1969,94,102
1969,95,74
1969,96,53
1969,97,36
1969,98,23
1969,99,15
1969,100,21
1970,0,54785
1970,1,7640
1970,2,5241
1970,3,3638
1970,4,2568
1970,5,1832
1970,6,1341
1970,7,1039
1970,8,868
1970,9,773
1970,10,702
1970,11,670
1970,12,667
1970,13,688
1970,14,728
1970,15,782
1970,16,842
1970,17,900
1970,18,946
1970,19,978
1970,20,994
1970,21,973
1970,22,940
1970,23,921
1970,24,891
1970,25,856
1970,26,820
1970,27,785
1970,28,754
1970,29,729
1970,30,711
1970,31,700
1970,32,699
1970,33,709
1970,34,729
1970,35,753
1970,36,782
1970,37,808
1970,38,826
1970,39,837
1970,40,848
1970,41,862
1970,42,876
1970,43,893
1970,44,914
1970,45,941
1970,46,971
1970,47,1004
1970,48,1039
1970,49,1075
1970,50,1108
1970,51,1137
1970,52,1170
1970,53,1219
1970,54,1278
1970,55,1339
1970,56,1409
1970,57,1481
1970,58,1533
1970,59,1573
1970,60,1619
1970,61,1662
1970,62,1699
1970,63,1748
1970,64,1801
1970,65,1843
1970,66,1879
1970,67,1918
1970,68,1950
1970,69,1978
1970,70,2011
1970,71,2041
1970,72,2058
1970,73,2063
1970,74,2049
1970,75,2012
1970,76,1952
1970,77,1881
1970,78,1805
1970,79,1721
1970,80,1624
1970,81,1517
1970,82,1394
1970,83,1243
1970,84,1081
1970,85,923
1970,86,774
1970,87,634
1970,88,512
1970,89,406
1970,90,315
1970,91,239
1970,92,180
1970,93,135
1970,94,100
1970,95,72
1970,96,51
1970,97,35
1970,98,23
1970,99,15
1970,100,22
1971,0,52490
1971,1,7115
1971,2,4921
1971,3,3441
1971,4,2445
1971,5,1754
1971,6,1291
1971,7,1004
1971,8,840
1971,9,748
1971,10,680
1971,11,648
1971,12,646
1971,13,667
1971,14,707
1971,15,761
1971,16,822
1971,17,882
1971,18,932
1971,19,966
1971,20,985
1971,21,991
1971,22,963
1971,23,929
1971,24,911
1971,25,884
1971,26,850
1971,27,814
1971,28,779
1971,29,748
1971,30,724
1971,31,711
1971,32,708
1971,33,718
1971,34,742
1971,35,775
1971,36,809
1971,37,840
1971,38,864
1971,39,874
1971,40,876
1971,41,881
1971,42,893
1971,43,911
1971,44,935
1971,45,965
1971,46,1002
1971,47,1040
1971,48,1077
1971,49,1112
1971,50,1144
1971,51,1172
1971,52,1194
1971,53,1223
1971,54,1271
1971,55,1333
1971,56,1400
1971,57,1481
1971,58,1564
1971,59,1625
1971,60,1668
1971,61,1710
1971,62,1743
1971,63,1766
1971,64,1801
1971,65,1843
1971,66,1876
1971,67,1909
1971,68,1948
1971,69,1982
1971,70,2012
1971,71,2041
1971,72,2060
1971,73,2062
1971,74,2048
1971,75,2015
1971,76,1959
1971,77,1882
1971,78,1796
1971,79,1707
1971,80,1610
1971,81,1502
1971,82,1386
1971,83,1255
1971,84,1102
1971,85,941
1971,86,789
1971,87,649
1971,88,521
1971,89,413
1971,90,322
1971,91,245
1971,92,182
1971,93,134
1971,94,98
1971,95,71
1971,96,50
1971,97,35
1971,98,23
1971,99,15
1971,100,22
1972,0,50292
1972,1,6643
1972,2,4608
1972,3,3232
1972,4,2307
1972,5,1663
1972,6,1230
1972,7,960
1972,8,805
1972,9,719
1972,10,655
1972,11,626
1972,12,625
1972,13,647
1972,14,689
1972,15,745
1972,16,807
1972,17,869
1972,18,922
1972,19,960
1972,20,981
1972,21,988
1972,22,986
1972,23,954
1972,24,918
1972,25,898
1972,26,869
1972,27,834
1972,28,797
1972,29,762
1972,30,734
1972,31,718
1972,32,716
1972,33,726
1972,34,749
1972,35,784
1972,36,823
1972,37,855
1972,38,880
1972,39,893
1972,40,894
1972,41,892
1972,42,898
1972,43,918
1972,44,946
1972,45,982
1972,46,1022
1972,47,1064
1972,48,1104
1972,49,1138
1972,50,1169
1972,51,1196
1972,52,1219
1972,53,1239
1972,54,1269
1972,55,1322
1972,56,1392
1972,57,1471
1972,58,1563
1972,59,1656
1972,60,1721
1972,61,1760
1972,62,1792
1972,63,1812
1972,64,1821
1972,65,1847
1972,66,1884
1972,67,1919
1972,68,1956
1972,69,2000
1972,70,2039
1972,71,2067
1972,72,2086
1972,73,2091
1972,74,2075
1972,75,2042
1972,76,1990
1972,77,1917
1972,78,1824
1972,79,1723
1972,80,1621
1972,81,1513
1972,82,1394
1972,83,1269
1972,84,1133
1972,85,978
1972,86,820
1972,87,675
1972,88,545
1972,89,429
1972,90,334
1972,91,255
1972,92,190
1972,93,139
1972,94,100
1972,95,71
1972,96,50
1972,97,34
1972,98,23
1972,99,15
1972,100,23
1973,0,48309
1973,1,6209
1973,2,4316
1973,3,3036
1973,4,2176
1973,5,1579
1973,6,1175
1973,7,922
1973,8,777
1973,9,696
1973,10,636
1973,11,609
1973,12,610
1973,13,633
1973,14,677
1973,15,735
1973,16,801
1973,17,865
1973,18,923
1973,19,966
1973,20,994
1973,21,1006
1973,22,1005
1973,23,998
1973,24,963
1973,25,923
1973,26,900
1973,27,867
1973,28,828
1973,29,789
1973,30,757
1973,31,737
1973,32,733
1973,33,746
1973,34,771
1973,35,806
1973,36,846
1973,37,881
1973,38,904
1973,39,915
1973,40,917
1973,41,913
1973,42,913
1973,43,929
1973,44,961
1973,45,1003
1973,46,1049
1973,47,1095
1973,48,1137
1973,49,1173
1973,50,1200
1973,51,1224
1973,52,1246
1973,53,1268
1973,54,1289
1973,55,1324
1973,56,1386
1973,57,1469
1973,58,1559
1973,59,1662
1973,60,1759
1973,61,1820
1973,62,1847
1973,63,1865
1973,64,1870
1973,65,1869
1973,66,1890
1973,67,1929
1973,68,1969
1973,69,2013
1973,70,2063
1973,71,2101
1973,72,2120
1973,73,2125
1973,74,2112
1973,75,2076
1973,76,2023
1973,77,1953
1973,78,1863
1973,79,1756
1973,80,1642
1973,81,1528
1973,82,1409
1973,83,1281
1973,84,1150
1973,85,1010
1973,86,857
1973,87,706
1973,88,571
1973,89,452
1973,90,350
1973,91,267
1973,92,200
1973,93,146
1973,94,104
1973,95,73
1973,96,51
1973,97,35
1973,98,23
1973,99,15
1973,100,24
1974,0,46480
1974,1,5800
1974,2,4036
1974,3,2848
1974,4,2047
1974,5,1490
1974,6,1114
1974,7,877
1974,8,739
1974,9,661
1974,10,605
1974,11,580
1974,12,580
1974,13,603
1974,14,645
1974,15,701
1974,16,767
1974,17,831
1974,18,889
1974,19,934
1974,20,966
1974,21,985
1974,22,991
1974,23,991
1974,24,985
1974,25,949
1974,26,907
1974,27,879
1974,28,841
1974,29,800
1974,30,766
1974,31,745
1974,32,743
1974,33,761
1974,34,796
1974,35,840
1974,36,885
1974,37,923
1974,38,944
1974,39,945
1974,40,936
1974,41,928
1974,42,923
1974,43,933
1974,44,963
1974,45,1013
1974,46,1071
1974,47,1128
1974,48,1177
1974,49,1217
1974,50,1246
1974,51,1266
1974,52,1283
1974,53,1301
1974,54,1321
1974,55,1345
1974,56,1387
1974,57,1461
1974,58,1557
1974,59,1662
1974,60,1773
1974,61,1871
1974,62,1919
1974,63,1924
1974,64,1918
1974,65,1905
1974,66,1895
1974,67,1919
1974,68,1971
1974,69,2030
1974,70,2093
1974,71,2156
1974,72,2192
1974,73,2196
1974,74,2174
1974,75,2129
1974,76,2062
1974,77,1982
1974,78,1891
1974,79,1786
1974,80,1668
1974,81,1545
1974,82,1423
1974,83,1296
1974,84,1162
1974,85,1026
1974,86,886
1974,87,739
1974,88,598
1974,89,474
1974,90,369
1974,91,280
1974,92,209
1974,93,154
1974,94,110
1974,95,76
1974,96,52
1974,97,35
1974,98,24
1974,99,15
1974,100,24
1975,0,44800
1975,1,5358
1975,2,3754
1975,3,2664
1975,4,1926
1975,5,1409
1975,6,1058
1975,7,834
1975,8,701
1975,9,625
1975,10,571
1975,11,547
1975,12,549
1975,13,573
1975,14,617
1975,15,675
1975,16,744
1975,17,814
1975,18,876
1975,19,926
1975,20,962
1975,21,987
1975,22,1001
1975,23,1006
1975,24,1003
1975,25,992
1975,26,948
1975,27,895
1975,28,857
1975,29,814
1975,30,777
1975,31,755
1975,32,753
1975,33,773
1975,34,815
1975,35,867
1975,36,919
1975,37,955
1975,38,973
1975,39,970
1975,40,953
1975,41,940
1975,42,938
1975,43,949
1975,44,979
1975,45,1031
1975,46,1097
1975,47,1162
1975,48,1217
1975,49,1257
1975,50,1285
1975,51,1302
1975,52,1315
1975,53,1329
1975,54,1350
1975,55,1378
1975,56,1413
1975,57,1467
1975,58,1554
1975,59,1660
1975,60,1768
1975,61,1873
1975,62,1956
1975,63,1985
1975,64,1974
1975,65,1959
1975,66,1946
1975,67,1943
1975,68,1976
1975,69,2036
1975,70,2098
1975,71,2157
1975,72,2204
1975,73,2219
1975,74,2201
1975,75,2161
1975,76,2102
1975,77,2024
1975,78,1934
1975,79,1831
1975,80,1713
1975,81,1582
1975,82,1446
1975,83,1313
1975,84,1180
1975,85,1042
1975,86,906
1975,87,770
1975,88,632
1975,89,503
1975,90,392
1975,91,299
1975,92,223
1975,93,163
1975,94,117
1975,95,82
1975,96,55
1975,97,37
1975,98,24
1975,99,16
1975,100,25
1976,0,43333
1976,1,5030
1976,2,3514
1976,3,2490
1976,4,1798
1976,5,1316
1976,6,989
1976,7,780
1976,8,657
1976,9,588
1976,10,539
1976,11,520
1976,12,525
1976,13,552
1976,14,598
1976,15,659
1976,16,729
1976,17,801
1976,18,866
1976,19,918
1976,20,958
1976,21,988
1976,22,1009
1976,23,1022
1976,24,1024
1976,25,1015
1976,26,993
1976,27,935
1976,28,871
1976,29,827
1976,30,788
1976,31,763
1976,32,760
1976,33,781
1976,34,824
1976,35,880
1976,36,935
1976,37,972
1976,38,985
1976,39,977
1976,40,956
1976,41,937
1976,42,934
1976,43,953
1976,44,988
1976,45,1040
1976,46,1106
1976,47,1176
1976,48,1235
1976,49,1276
1976,50,1299
1976,51,1314
1976,52,1324
1976,53,1337
1976,54,1358
1976,55,1390
1976,56,1432
1976,57,1481
1976,58,1548
1976,59,1643
1976,60,1751
1976,61,1850
1976,62,1940
1976,63,2004
1976,64,2014
1976,65,1993
1976,66,1977
1976,67,1970
1976,68,1977
1976,69,2019
1976,70,2087
1976,71,2148
1976,72,2194
1976,73,2222
1976,74,2214
1976,75,2175
1976,76,2117
1976,77,2042
1976,78,1950
1976,79,1845
1976,80,1730
1976,81,1600
1976,82,1460
1976,83,1319
1976,84,1182
1976,85,1046
1976,86,911
1976,87,780
1976,88,652
1976,89,526
1976,90,411
1976,91,315
1976,92,235
1976,93,172
1976,94,123
1976,95,86
1976,96,59
1976,97,39
1976,98,25
1976,99,16
1976,100,26
1977,0,41731
1977,1,4771
1977,2,3294
1977,3,2308
1977,4,1651
1977,5,1200
1977,6,898
1977,7,709
1977,8,602
1977,9,545
1977,10,507
1977,11,496
1977,12,509
1977,13,543
1977,14,595
1977,15,664
1977,16,742
1977,17,820
1977,18,893
1977,19,953
1977,20,999
1977,21,1033
1977,22,1056
1977,23,1070
1977,24,1071
1977,25,1057
1977,26,1029
1977,27,988
1977,28,918
1977,29,850
1977,30,813
1977,31,788
1977,32,782
1977,33,797
1977,34,830
1977,35,875
1977,36,921
1977,37,952
1977,38,961
1977,39,951
1977,40,934
1977,41,922
1977,42,923
1977,43,945
1977,44,987
1977,45,1040
1977,46,1100
1977,47,1165
1977,48,1225
1977,49,1271
1977,50,1299
1977,51,1317
1977,52,1332
1977,53,1349
1977,54,1372
1977,55,1404
1977,56,1448
1977,57,1502
1977,58,1559
1977,59,1631
1977,60,1727
1977,61,1832
1977,62,1924
1977,63,2005
1977,64,2063
1977,65,2073
1977,66,2055
1977,67,2045
1977,68,2043
1977,69,2050
1977,70,2089
1977,71,2146
1977,72,2188
1977,73,2214
1977,74,2223
1977,75,2201
1977,76,2149
1977,77,2078
1977,78,1989
1977,79,1881
1977,80,1760
1977,81,1629
1977,82,1489
1977,83,1341
1977,84,1195
1977,85,1057
1977,86,923
1977,87,792
1977,88,668
1977,89,549
1977,90,435
1977,91,333
1977,92,250
1977,93,183
1977,94,131
1977,95,91
1977,96,63
1977,97,42
1977,98,27
1977,99,17
1977,100,27
1978,0,39819
1978,1,4576
1978,2,3102
1978,3,2125
1978,4,1491
1978,5,1065
1978,6,787
1978,7,620
1978,8,531
1978,9,489
1978,10,463
1978,11,461
1978,12,482
1978,13,523
1978,14,583
1978,15,657
1978,16,742
1978,17,828
1978,18,909
1978,19,979
1978,20,1036
1978,21,1077
1978,22,1105
1978,23,1119
1978,24,1119
1978,25,1103
1978,26,1070
1978,27,1025
1978,28,976
1978,29,905
1978,30,846
1978,31,824
1978,32,816
1978,33,825
1978,34,849
1978,35,883
1978,36,916
1978,37,939
1978,38,945
1978,39,934
1978,40,916
1978,41,905
1978,42,908
1978,43,928
1978,44,969
1978,45,1026
1978,46,1087
1978,47,1147
1978,48,1206
1978,49,1260
1978,50,1301
1978,51,1328
1978,52,1348
1978,53,1367
1978,54,1388
1978,55,1416
1978,56,1457
1978,57,1511
1978,58,1576
1978,59,1644
1978,60,1726
1978,61,1826
1978,62,1928
1978,63,2009
1978,64,2077
1978,65,2123
1978,66,2127
1978,67,2112
1978,68,2114
1978,69,2127
1978,70,2148
1978,71,2197
1978,72,2251
1978,73,2277
1978,74,2276
1978,75,2251
1978,76,2193
1978,77,2108
1978,78,2010
1978,79,1901
1978,80,1779
1978,81,1649
1978,82,1512
1978,83,1366
1978,84,1216
1978,85,1069
1978,86,931
1978,87,801
1978,88,675
1978,89,560
1978,90,452
1978,91,352
1978,92,265
1978,93,195
1978,94,140
1978,95,97
1978,96,67
1978,97,45
1978,98,29
1978,99,18
1978,100,28
1979,0,38262
1979,1,4375
1979,2,2946
1979,3,1999
1979,4,1388
1979,5,983
1979,6,724
1979,7,572
1979,8,495
1979,9,462
1979,10,442
1979,11,447
1979,12,473
1979,13,520
1979,14,585
1979,15,667
1979,16,760
1979,17,857
1979,18,949
1979,19,1031
1979,20,1099
1979,21,1149
1979,22,1180
1979,23,1192
1979,24,1187
1979,25,1165
1979,26,1129
1979,27,1080
1979,28,1027
1979,29,979
1979,30,917
1979,31,872
1979,32,866
1979,33,872
1979,34,889
1979,35,912
1979,36,933
1979,37,947
1979,38,948
1979,39,939
1979,40,921
1979,41,909
1979,42,911
1979,43,930
1979,44,966
1979,45,1020
1979,46,1085
1979,47,1150
1979,48,1211
1979,49,1271
1979,50,1326
1979,51,1369
1979,52,1398
1979,53,1418
1979,54,1436
1979,55,1458
1979,56,1490
1979,57,1539
1979,58,1607
1979,59,1687
1979,60,1769
1979,61,1858
1979,62,1958
1979,63,2051
1979,64,2119
1979,65,2177
1979,66,2221
1979,67,2231
1979,68,2229
1979,69,2245
1979,70,2270
1979,71,2294
1979,72,2333
1979,73,2365
1979,74,2360
1979,75,2324
1979,76,2265
1979,77,2178
1979,78,2071
1979,79,1956
1979,80,1833
1979,81,1700
1979,82,1560
1979,83,1414
1979,84,1263
1979,85,1109
1979,86,961
1979,87,825
1979,88,698
1979,89,580
1979,90,472
1979,91,375
1979,92,286
1979,93,211
1979,94,152
1979,95,107
1979,96,73
1979,97,49
1979,98,32
1979,99,20
1979,100,31
1980,0,36819
1980,1,4074
1980,2,2736
1980,3,1860
1980,4,1284
1980,5,899
1980,6,656
1980,7,516
1980,8,447
1980,9,420
1980,10,405
1980,11,414
1980,12,444
1980,13,495
1980,14,564
1980,15,652
1980,16,752
1980,17,856
1980,18,958
1980,19,1048
1980,20,1123
1980,21,1180
1980,22,1215
1980,23,1229
1980,24,1222
1980,25,1198
1980,26,1160
1980,27,1111
1980,28,1057
1980,29,1006
1980,30,966
1980,31,917
1980,32,885
1980,33,891
1980,34,905
1980,35,923
1980,36,939
1980,37,948
1980,38,948
1980,39,940
1980,40,927
1980,41,916
1980,42,915
1980,43,931
1980,44,965
1980,45,1013
1980,46,1076
1980,47,1147
1980,48,1213
1980,49,1273
1980,50,1330
1980,51,1383
1980,52,1420
1980,53,1444
1980,54,1461
1980,55,1480
1980,56,1510
1980,57,1557
1980,58,1625
1980,59,1712
1980,60,1807
1980,61,1893
1980,62,1973
1980,63,2057
1980,64,2132
1980,65,2187
1980,66,2242
1980,67,2294
1980,68,2318
1980,69,2329
1980,70,2354
1980,71,2378
1980,72,2386
1980,73,2400
1980,74,2404
1980,75,2370
1980,76,2308
1980,77,2229
1980,78,2126
1980,79,2006
1980,80,1879
1980,81,1745
1980,82,1603
1980,83,1455
1980,84,1303
1980,85,1149
1980,86,996
1980,87,851
1980,88,720
1980,89,601
1980,90,491
1980,91,393
1980,92,307
1980,93,230
1980,94,167
1980,95,118
1980,96,81
1980,97,54
1980,98,35
1980,99,23
1980,100,34
1981,0,35503
1981,1,3862
1981,2,2574
1981,3,1752
1981,4,1221
1981,5,858
1981,6,625
1981,7,492
1981,8,426
1981,9,400
1981,10,387
1981,11,397
1981,12,428
1981,13,479
1981,14,551
1981,15,642
1981,16,747
1981,17,859
1981,18,970
1981,19,1072
1981,20,1158
1981,21,1223
1981,22,1264
1981,23,1279
1981,24,1270
1981,25,1242
1981,26,1201
1981,27,1153
1981,28,1101
1981,29,1050
1981,30,1007
1981,31,976
1981,32,935
1981,33,908
1981,34,915
1981,35,925
1981,36,937
1981,37,946
1981,38,952
1981,39,955
1981,40,956
1981,41,957
1981,42,958
1981,43,966
1981,44,986
1981,45,1020
1981,46,1068
1981,47,1133
1981,48,1210
1981,49,1287
1981,50,1360
1981,51,1425
1981,52,1476
1981,53,1500
1981,54,1503
1981,55,1502
1981,56,1514
1981,57,1551
1981,58,1619
1981,59,1718
1981,60,1839
1981,61,1957
1981,62,2047
1981,63,2112
1981,64,2166
1981,65,2209
1981,66,2241
1981,67,2289
1981,68,2350
1981,69,2390
1981,70,2416
1981,71,2447
1981,72,2461
1981,73,2445
1981,74,2426
1981,75,2393
1981,76,2326
1981,77,2238
1981,78,2142
1981,79,2027
1981,80,1898
1981,81,1764
1981,82,1623
1981,83,1475
1981,84,1322
1981,85,1169
1981,86,1016
1981,87,869
1981,88,732
1981,89,611
1981,90,502
1981,91,403
1981,92,318
1981,93,244
1981,94,180
1981,95,128
1981,96,88
1981,97,60
1981,98,39
1981,99,25
1981,100,38
1982,0,34146
1982,1,3613
1982,2,2430
1982,3,1655
1982,4,1160
1982,5,825
1982,6,604
1982,7,473
1982,8,406
1982,9,379
1982,10,365
1982,11,374
1982,12,403
1982,13,452
1982,14,523
1982,15,613
1982,16,719
1982,17,835
1982,18,953
1982,19,1063
1982,20,1160
1982,21,1234
1982,22,1281
1982,23,1300
1982,24,1291
1982,25,1260
1982,26,1216
1982,27,1169
1982,28,1121
1982,29,1075
1982,30,1033
1982,31,996
1982,32,968
1982,33,924
1982,34,892
1982,35,894
1982,36,901
1982,37,917
1982,38,939
1982,39,966
1982,40,992
1982,41,1013
1982,42,1023
1982,43,1021
1982,44,1017
1982,45,1025
1982,46,1050
1982,47,1101
1982,48,1184
1982,49,1290
1982,50,1400
1982,51,1491
1982,52,1551
1982,53,1570
1982,54,1546
1982,55,1508
1982,56,1484
1982,57,1501
1982,58,1570
1982,59,1691
1982,60,1852
1982,61,2021
1982,62,2154
1982,63,2218
1982,64,2227
1982,65,2222
1982,66,2219
1982,67,2232
1982,68,2287
1982,69,2372
1982,70,2443
1982,71,2488
1982,72,2514
1982,73,2501
1982,74,2442
1982,75,2377
1982,76,2303
1982,77,2208
1982,78,2103
1982,79,1998
1982,80,1880
1982,81,1749
1982,82,1611
1982,83,1466
1982,84,1315
1982,85,1163
1982,86,1013
1982,87,868
1982,88,732
1982,89,608
1982,90,500
1982,91,405
1982,92,321
1982,93,249
1982,94,188
1982,95,136
1982,96,95
1982,97,64
1982,98,43
1982,99,27
1982,100,42
1983,0,32568
1983,1,3431
1983,2,2311
1983,3,1576
1983,4,1101
1983,5,790
1983,6,590
1983,7,471
1983,8,412
1983,9,390
1983,10,382
1983,11,395
1983,12,428
1983,13,480
1983,14,551
1983,15,640
1983,16,744
1983,17,858
1983,18,975
1983,19,1087
1983,20,1185
1983,21,1261
1983,22,1308
1983,23,1325
1983,24,1315
1983,25,1285
1983,26,1241
1983,27,1193
1983,28,1148
1983,29,1108
1983,30,1074
1983,31,1045
1983,32,1025
1983,33,1015
1983,34,988
1983,35,968
1983,36,977
1983,37,985
1983,38,990
1983,39,994
1983,40,996
1983,41,996
1983,42,995
1983,43,994
1983,44,997
1983,45,1013
1983,46,1049
1983,47,1109
1983,48,1191
1983,49,1292
1983,50,1399
1983,51,1483
1983,52,1533
1983,53,1554
1983,54,1554
1983,55,1543
1983,56,1544
1983,57,1578
1983,58,1657
1983,59,1779
1983,60,1929
1983,61,2079
1983,62,2194
1983,63,2250
1983,64,2239
1983,65,2208
1983,66,2203
1983,67,2236
1983,68,2305
1983,69,2418
1983,70,2549
1983,71,2634
1983,72,2658
1983,73,2642
1983,74,2577
1983,75,2477
1983,76,2387
1983,77,2305
1983,78,2211
1983,79,2109
1983,80,2002
1983,81,1877
1983,82,1733
1983,83,1582
1983,84,1425
1983,85,1265
1983,86,1109
1983,87,958
1983,88,814
1983,89,680
1983,90,560
1983,91,455
1983,92,364
1983,93,284
1983,94,217
1983,95,161
1983,96,115
1983,97,79
1983,98,53
1983,99,34
1983,100,54
1984,0,30780
1984,1,3289
1984,2,2184
1984,3,1461
1984,4,1002
1984,5,702
1984,6,519
1984,7,417
1984,8,370
1984,9,355
1984,10,350
1984,11,365
1984,12,396
1984,13,445
1984,14,509
1984,15,591
1984,16,689
1984,17,802
1984,18,927
1984,19,1059
1984,20,1186
1984,21,1292
1984,22,1362
1984,23,1389
1984,24,1376
1984,25,1336
1984,26,1284
1984,27,1232
1984,28,1189
1984,29,1157
1984,30,1133
1984,31,1111
1984,32,1088
1984,33,1063
1984,34,1040
1984,35,995
1984,36,960
1984,37,958
1984,38,962
1984,39,971
1984,40,985
1984,41,1000
1984,42,1015
1984,43,1028
1984,44,1042
1984,45,1059
1984,46,1088
1984,47,1137
1984,48,1207
1984,49,1290
1984,50,1383
1984,51,1467
1984,52,1520
1984,53,1542
1984,54,1549
1984,55,1558
1984,56,1576
1984,57,1621
1984,58,1702
1984,59,1819
1984,60,1960
1984,61,2099
1984,62,2210
1984,63,2277
1984,64,2294
1984,65,2278
1984,66,2274
1984,67,2323
1984,68,2425
1984,69,2557
1984,70,2716
1984,71,2858
1984,72,2910
1984,73,2875
1984,74,2794
1984,75,2677
1984,76,2546
1984,77,2443
1984,78,2360
1984,79,2267
1984,80,2164
1984,81,2050
1984,82,1910
1984,83,1750
1984,84,1581
1984,85,1411
1984,86,1242
1984,87,1078
1984,88,923
1984,89,778
1984,90,643
1984,91,523
1984,92,420
1984,93,331
1984,94,255
1984,95,191
1984,96,140
1984,97,98
1984,98,66
1984,99,44
1984,100,69
1985,0,30789
1985,1,3969
1985,2,2736
1985,3,2047
1985,4,1607
1985,5,1310
1985,6,1113
1985,7,988
1985,8,903
1985,9,839
1985,10,800
1985,11,789
1985,12,806
1985,13,853
1985,14,931
1985,15,1038
1985,16,1175
1985,17,1331
1985,18,1494
1985,19,1645
1985,20,1773
1985,21,1870
1985,22,1933
1985,23,1964
1985,24,1968
1985,25,1946
1985,26,1902
1985,27,1836
1985,28,1757
1985,29,1673
1985,30,1596
1985,31,1531
1985,32,1482
1985,33,1450
1985,34,1434
1985,35,1432
1985,36,1398
1985,37,1361
1985,38,1348
1985,39,1319
1985,40,1283
1985,41,1253
1985,42,1236
1985,43,1239
1985,44,1265
1985,45,1309
1985,46,1364
1985,47,1429
1985,48,1502
1985,49,1575
1985,50,1640
1985,51,1703
1985,52,1760
1985,53,1803
1985,54,1844
1985,55,1900
1985,56,1975
1985,57,2060
1985,58,2154
1985,59,2256
1985,60,2363
1985,61,2465
1985,62,2553
1985,63,2625
1985,64,2683
1985,65,2725
1985,66,2755
1985,67,2804
1985,68,2900
1985,69,3023
1985,70,3139
1985,71,3248
1985,72,3316
1985,73,3290
1985,74,3196
1985,75,3092
1985,76,2979
1985,77,2863
1985,78,2776
1985,79,2695
1985,80,2584
1985,81,2445
1985,82,2287
1985,83,2105
1985,84,1910
1985,85,1715
1985,86,1522
1985,87,1333
1985,88,1149
1985,89,975
1985,90,812
1985,91,662
1985,92,530
1985,93,419
1985,94,325
1985,95,246
1985,96,182
1985,97,131
1985,98,90
1985,99,59
1985,100,96
1986,0,28077
1986,1,2796
1986,2,1953
1986,3,1379
1986,4,984
1986,5,711
1986,6,533
1986,7,427
1986,8,375
1986,9,354
1986,10,344
1986,11,354
1986,12,387
1986,13,444
1986,14,528
1986,15,644
1986,16,788
1986,17,954
1986,18,1130
1986,19,1296
1986,20,1438
1986,21,1545
1986,22,1613
1986,23,1646
1986,24,1648
1986,25,1625
1986,26,1584
1986,27,1530
1986,28,1469
1986,29,1406
1986,30,1349
1986,31,1302
1986,32,1268
1986,33,1245
1986,34,1229
1986,35,1219
1986,36,1213
1986,37,1173
1986,38,1130
1986,39,1114
1986,40,1092
1986,41,1074
1986,42,1066
1986,43,1071
1986,44,1092
1986,45,1127
1986,46,1173
1986,47,1224
1986,48,1280
1986,49,1342
1986,50,1406
1986,51,1468
1986,52,1532
1986,53,1594
1986,54,1645
1986,55,1694
1986,56,1755
1986,57,1831
1986,58,1912
1986,59,1996
1986,60,2082
1986,61,2168
1986,62,2249
1986,63,2321
1986,64,2385
1986,65,2443
1986,66,2493
1986,67,2531
1986,68,2583
1986,69,2669
1986,70,2768
1986,71,2855
1986,72,2934
1986,73,2981
1986,74,2955
1986,75,2877
1986,76,2793
1986,77,2696
1986,78,2587
1986,79,2495
1986,80,2402
1986,81,2279
1986,82,2132
1986,83,1973
1986,84,1796
1986,85,1611
1986,86,1428
1986,87,1252
1986,88,1081
1986,89,919
1986,90,768
1986,91,630
1986,92,505
1986,93,398
1986,94,309
1986,95,235
1986,96,175
1986,97,127
1986,98,89
1986,99,60
1986,100,98
1987,0,27194
1987,1,2661
1987,2,1875
1987,3,1354
1987,4,996
1987,5,737
1987,6,560
1987,7,451
1987,8,390
1987,9,364
1987,10,352
1987,11,361
1987,12,393
1987,13,455
1987,14,550
1987,15,684
1987,16,856
1987,17,1053
1987,18,1258
1987,19,1444
1987,20,1592
1987,21,1697
1987,22,1763
1987,23,1800
1987,24,1812
1987,25,1803
1987,26,1770
1987,27,1715
1987,28,1644
1987,29,1564
1987,30,1487
1987,31,1424
1987,32,1382
1987,33,1361
1987,34,1355
1987,35,1352
1987,36,1346
1987,37,1329
1987,38,1265
1987,39,1194
1987,40,1155
1987,41,1120
1987,42,1101
1987,43,1104
1987,44,1130
1987,45,1174
1987,46,1230
1987,47,1288
1987,48,1338
1987,49,1383
1987,50,1429
1987,51,1481
1987,52,1540
1987,53,1614
1987,54,1701
1987,55,1784
1987,56,1864
1987,57,1946
1987,58,2026
1987,59,2094
1987,60,2151
1987,61,2209
1987,62,2276
1987,63,2355
1987,64,2444
1987,65,2537
1987,66,2625
1987,67,2691
1987,68,2724
1987,69,2752
1987,70,2801
1987,71,2862
1987,72,2916
1987,73,2977
1987,74,3023
1987,75,3008
1987,76,2942
1987,77,2863
1987,78,2761
1987,79,2635
1987,80,2520
1987,81,2401
1987,82,2254
1987,83,2090
1987,84,1918
1987,85,1733
1987,86,1542
1987,87,1356
1987,88,1177
1987,89,1005
1987,90,843
1987,91,695
1987,92,561
1987,93,443
1987,94,344
1987,95,263
1987,96,197
1987,97,143
1987,98,102
1987,99,70
1987,100,118
1988,0,26295
1988,1,2504
1988,2,1748
1988,3,1245
1988,4,912
1988,5,677
1988,6,514
1988,7,412
1988,8,357
1988,9,333
1988,10,325
1988,11,341
1988,12,377
1988,13,443
1988,14,546
1988,15,693
1988,16,881
1988,17,1099
1988,18,1325
1988,19,1529
1988,20,1691
1988,21,1802
1988,22,1867
1988,23,1902
1988,24,1915
1988,25,1908
1988,26,1879
1988,27,1828
1988,28,1758
1988,29,1679
1988,30,1602
1988,31,1535
1988,32,1486
1988,33,1457
1988,34,1442
1988,35,1433
1988,36,1419
1988,37,1394
1988,38,1358
1988,39,1282
1988,40,1210
1988,41,1180
1988,42,1161
1988,43,1160
1988,44,1179
1988,45,1213
1988,46,1260
1988,47,1312
1988,48,1364
1988,49,1409
1988,50,1453
1988,51,1505
1988,52,1565
1988,53,1631
1988,54,1709
1988,55,1793
1988,56,1869
1988,57,1942
1988,58,2022
1988,59,2112
1988,60,2199
1988,61,2281
1988,62,2360
1988,63,2440
1988,64,2517
1988,65,2587
1988,66,2653
1988,67,2711
1988,68,2756
1988,69,2785
1988,70,2826
1988,71,2902
1988,72,2992
1988,73,3066
1988,74,3130
1988,75,3161
1988,76,3110
1988,77,3002
1988,78,2883
1988,79,2749
1988,80,2602
1988,81,2473
1988,82,2344
1988,83,2189
1988,84,2015
1988,85,1832
1988,86,1637
1988,87,1439
1988,88,1248
1988,89,1069
1988,90,901
1988,91,746
1988,92,606
1988,93,482
1988,94,375
1988,95,285
1988,96,214
1988,97,157
1988,98,112
1988,99,78
1988,100,137
1989,0,25630
1989,1,2446
1989,2,1674
1989,3,1162
1989,4,829
1989,5,607
1989,6,460
1989,7,370
1989,8,324
1989,9,308
1989,10,304
1989,11,325
1989,12,370
1989,13,443
1989,14,555
1989,15,713
1989,16,920
1989,17,1161
1989,18,1408
1989,19,1622
1989,20,1781
1989,21,1883
1989,22,1937
1989,23,1963
1989,24,1970
1989,25,1963
1989,26,1937
1989,27,1892
1989,28,1829
1989,29,1754
1989,30,1679
1989,31,1611
1989,32,1556
1989,33,1516
1989,34,1489
1989,35,1468
1989,36,1447
1989,37,1416
1989,38,1378
1989,39,1339
1989,40,1269
1989,41,1210
1989,42,1195
1989,43,1189
1989,44,1195
1989,45,1213
1989,46,1243
1989,47,1283
1989,48,1330
1989,49,1381
1989,50,1431
1989,51,1483
1989,52,1542
1989,53,1603
1989,54,1664
1989,55,1734
1989,56,1813
1989,57,1893
1989,58,1982
1989,59,2093
1989,60,2222
1989,61,2346
1989,62,2450
1989,63,2529
1989,64,2584
1989,65,2622
1989,66,2652
1989,67,2689
1989,68,2739
1989,69,2799
1989,70,2859
1989,71,2935
1989,72,3039
1989,73,3139
1989,74,3199
1989,75,3230
1989,76,3217
1989,77,3124
1989,78,2983
1989,79,2843
1989,80,2697
1989,81,2543
1989,82,2407
1989,83,2268
1989,84,2100
1989,85,1912
1989,86,1717
1989,87,1514
1989,88,1314
1989,89,1125
1989,90,951
1989,91,791
1989,92,646
1989,93,516
1989,94,404
1989,95,308
1989,96,230
1989,97,169
1989,98,122
1989,99,85
1989,100,155
1990,0,25087
1990,1,2369
1990,2,1614
1990,3,1117
1990,4,792
1990,5,575
1990,6,437
1990,7,356
1990,8,316
1990,9,302
1990,10,300
1990,11,322
1990,12,371
1990,13,455
1990,14,580
1990,15,759
1990,16,993
1990,17,1267
1990,18,1548
1990,19,1788
1990,20,1958
1990,21,2058
1990,22,2105
1990,23,2121
1990,24,2120
1990,25,2108
1990,26,2082
1990,27,2035
1990,28,1971
1990,29,1893
1990,30,1812
1990,31,1740
1990,32,1679
1990,33,1632
1990,34,1597
1990,35,1570
1990,36,1544
1990,37,1512
1990,38,1470
1990,39,1424
1990,40,1381
1990,41,1309
1990,42,1251
1990,43,1238
1990,44,1234
1990,45,1241
1990,46,1262
1990,47,1298
1990,48,1346
1990,49,1405
1990,50,1467
1990,51,1524
1990,52,1574
1990,53,1621
1990,54,1665
1990,55,1712
1990,56,1778
1990,57,1868
1990,58,1976
1990,59,2106
1990,60,2260
1990,61,2417
1990,62,2541
1990,63,2612
1990,64,2635
1990,65,2634
1990,66,2633
1990,67,2654
1990,68,2714
1990,69,2810
1990,70,2926
1990,71,3029
1990,72,3119
1990,73,3202
1990,74,3248
1990,75,3240
1990,76,3210
1990,77,3155
1990,78,3047
1990,79,2910
1990,80,2784
1990,81,2651
1990,82,2499
1990,83,2352
1990,84,2193
1990,85,2004
1990,86,1799
1990,87,1594
1990,88,1388
1990,89,1191
1990,90,1009
1990,91,844
1990,92,693
1990,93,557
1990,94,438
1990,95,336
1990,96,252
1990,97,185
1990,98,133
1990,99,94
1990,100,175
1991,0,24599
1991,1,2321
1991,2,1575
1991,3,1087
1991,4,771
1991,5,558
1991,6,422
1991,7,347
1991,8,313
1991,9,304
1991,10,306
1991,11,330
1991,12,381
1991,13,471
1991,14,610
1991,15,804
1991,16,1057
1991,17,1353
1991,18,1655
1991,19,1910
1991,20,2088
1991,21,2187
1991,22,2226
1991,23,2237
1991,24,2232
1991,25,2216
1991,26,2186
1991,27,2136
1991,28,2068
1991,29,1987
1991,30,1903
1991,31,1828
1991,32,1767
1991,33,1723
1991,34,1691
1991,35,1667
1991,36,1644
1991,37,1615
1991,38,1577
1991,39,1526
1991,40,1471
1991,41,1419
1991,42,1339
1991,43,1274
1991,44,1256
1991,45,1250
1991,46,1261
1991,47,1293
1991,48,1345
1991,49,1415
1991,50,1494
1991,51,1568
1991,52,1621
1991,53,1655
1991,54,1680
1991,55,1710
1991,56,1756
1991,57,1841
1991,58,1969
1991,59,2125
1991,60,2299
1991,61,2474
1991,62,2616
1991,63,2691
1991,64,2697
1991,65,2670
1991,66,2649
1991,67,2664
1991,68,2734
1991,69,2856
1991,70,3012
1991,71,3158
1991,72,3246
1991,73,3283
1991,74,3289
1991,75,3265
1991,76,3210
1991,77,3163
1991,78,3120
1991,79,3036
1991,80,2921
1991,81,2803
1991,82,2657
1991,83,2479
1991,84,2299
1991,85,2111
1991,86,1902
1991,87,1687
1991,88,1479
1991,89,1277
1991,90,1085
1991,91,909
1991,92,750
1991,93,606
1991,94,479
1991,95,368
1991,96,278
1991,97,205
1991,98,147
1991,99,104
1991,100,199
1992,0,24113
1992,1,2232
1992,2,1528
1992,3,1060
1992,4,753
1992,5,547
1992,6,413
1992,7,338
1992,8,306
1992,9,300
1992,10,305
1992,11,330
1992,12,383
1992,13,474
1992,14,620
1992,15,833
1992,16,1108
1992,17,1427
1992,18,1753
1992,19,2026
1992,20,2214
1992,21,2314
1992,22,2345
1992,23,2341
1992,24,2322
1992,25,2294
1992,26,2255
1992,27,2203
1992,28,2140
1992,29,2068
1992,30,1996
1992,31,1932
1992,32,1880
1992,33,1842
1992,34,1814
1992,35,1788
1992,36,1759
1992,37,1720
1992,38,1671
1992,39,1610
1992,40,1542
1992,41,1477
1992,42,1423
1992,43,1350
1992,44,1298
1992,45,1300
1992,46,1317
1992,47,1351
1992,48,1402
1992,49,1466
1992,50,1536
1992,51,1601
1992,52,1650
1992,53,1677
1992,54,1693
1992,55,1722
1992,56,1775
1992,57,1863
1992,58,2001
1992,59,2177
1992,60,2362
1992,61,2528
1992,62,2658
1992,63,2736
1992,64,2749
1992,65,2729
1992,66,2715
1992,67,2741
1992,68,2825
1992,69,2958
1992,70,3124
1992,71,3281
1992,72,3377
1992,73,3387
1992,74,3342
1992,75,3296
1992,76,3257
1992,77,3218
1992,78,3207
1992,79,3195
1992,80,3124
1992,81,2995
1992,82,2839
1992,83,2646
1992,84,2423
1992,85,2212
1992,86,2006
1992,87,1790
1992,88,1576
1992,89,1371
1992,90,1172
1992,91,984
1992,92,812
1992,93,658
1992,94,523
1992,95,404
1992,96,306
1992,97,227
1992,98,164
1992,99,115
1992,100,223
1993,0,23662
1993,1,2178
1993,2,1487
1993,3,1030
1993,4,730
1993,5,528
1993,6,398
1993,7,323
1993,8,290
1993,9,285
1993,10,293
1993,11,322
1993,12,376
1993,13,470
1993,14,616
1993,15,836
1993,16,1131
1993,17,1465
1993,18,1793
1993,19,2054
1993,20,2216
1993,21,2284
1993,22,2288
1993,23,2264
1993,24,2232
1993,25,2204
1993,26,2172
1993,27,2132
1993,28,2084
1993,29,2028
1993,30,1970
1993,31,1916
1993,32,1871
1993,33,1835
1993,34,1807
1993,35,1782
1993,36,1751
1993,37,1711
1993,38,1663
1993,39,1606
1993,40,1544
1993,41,1482
1993,42,1429
1993,43,1391
1993,44,1336
1993,45,1304
1993,46,1326
1993,47,1362
1993,48,1413
1993,49,1475
1993,50,1542
1993,51,1604
1993,52,1655
1993,53,1690
1993,54,1710
1993,55,1737
1993,56,1790
1993,57,1881
1993,58,2011
1993,59,2181
1993,60,2372
1993,61,2540
1993,62,2661
1993,63,2740
1993,64,2779
1993,65,2789
1993,66,2801
1993,67,2841
1993,68,2931
1993,69,3060
1993,70,3210
1993,71,3348
1993,72,3437
1993,73,3454
1993,74,3398
1993,75,3326
1993,76,3291
1993,77,3286
1993,78,3289
1993,79,3303
1993,80,3290
1993,81,3185
1993,82,3001
1993,83,2787
1993,84,2548
1993,85,2298
1993,86,2075
1993,87,1867
1993,88,1655
1993,89,1444
1993,90,1243
1993,91,1048
1993,92,865
1993,93,701
1993,94,558
1993,95,433
1993,96,330
1993,97,245
1993,98,178
1993,99,126
1993,100,244
1994,0,22936
1994,1,2133
1994,2,1457
1994,3,1011
1994,4,718
1994,5,519
1994,6,390
1994,7,316
1994,8,281
1994,9,274
1994,10,282
1994,11,312
1994,12,369
1994,13,464
1994,14,614
1994,15,836
1994,16,1142
1994,17,1498
1994,18,1833
1994,19,2074
1994,20,2201
1994,21,2230
1994,22,2202
1994,23,2161
1994,24,2124
1994,25,2100
1994,26,2084
1994,27,2061
1994,28,2028
1994,29,1985
1994,30,1936
1994,31,1888
1994,32,1847
1994,33,1814
1994,34,1787
1994,35,1763
1994,36,1736
1994,37,1697
1994,38,1648
1994,39,1592
1994,40,1533
1994,41,1478
1994,42,1430
1994,43,1398
1994,44,1386
1994,45,1359
1994,46,1352
1994,47,1395
1994,48,1444
1994,49,1496
1994,50,1549
1994,51,1597
1994,52,1639
1994,53,1677
1994,54,1712
1994,55,1751
1994,56,1809
1994,57,1899
1994,58,2025
1994,59,2177
1994,60,2351
1994,61,2522
1994,62,2655
1994,63,2747
1994,64,2817
1994,65,2879
1994,66,2936
1994,67,2998
1994,68,3078
1994,69,3176
1994,70,3281
1994,71,3372
1994,72,3433
1994,73,3457
1994,74,3440
1994,75,3392
1994,76,3357
1994,77,3369
1994,78,3399
1994,79,3408
1994,80,3394
1994,81,3324
1994,82,3150
1994,83,2906
1994,84,2652
1994,85,2394
1994,86,2141
1994,87,1920
1994,88,1715
1994,89,1506
1994,90,1297
1994,91,1099
1994,92,910
1994,93,737
1994,94,586
1994,95,457
1994,96,350
1994,97,261
1994,98,190
1994,99,135
1994,100,263
1995,0,21863
1995,1,2063
1995,2,1413
1995,3,974
1995,4,687
1995,5,493
1995,6,367
1995,7,295
1995,8,263
1995,9,255
1995,10,262
1995,11,294
1995,12,356
1995,13,457
1995,14,614
1995,15,845
1995,16,1153
1995,17,1512
1995,18,1849
1995,19,2064
1995,20,2147
1995,21,2137
1995,22,2085
1995,23,2040
1995,24,2017
1995,25,2015
1995,26,2019
1995,27,2013
1995,28,1987
1995,29,1939
1995,30,1881
1995,31,1827
1995,32,1783
1995,33,1755
1995,34,1740
1995,35,1731
1995,36,1721
1995,37,1698
1995,38,1658
1995,39,1604
1995,40,1546
1995,41,1491
1995,42,1448
1995,43,1418
1995,44,1408
1995,45,1418
1995,46,1409
1995,47,1412
1995,48,1458
1995,49,1500
1995,50,1541
1995,51,1580
1995,52,1621
1995,53,1665
1995,54,1715
1995,55,1775
1995,56,1844
1995,57,1928
1995,58,2035
1995,59,2162
1995,60,2298
1995,61,2447
1995,62,2594
1995,63,2718
1995,64,2826
1995,65,2936
1995,66,3049
1995,67,3146
1995,68,3223
1995,69,3284
1995,70,3336
1995,71,3379
1995,72,3413
1995,73,3443
1995,74,3468
1995,75,3482
1995,76,3476
1995,77,3477
1995,78,3501
1995,79,3513
1995,80,3475
1995,81,3401
1995,82,3270
1995,83,3049
1995,84,2779
1995,85,2513
1995,86,2253
1995,87,2001
1995,88,1779
1995,89,1571
1995,90,1360
1995,91,1152
1995,92,959
1995,93,780
1995,94,622
1995,95,485
1995,96,372
1995,97,279
1995,98,204
1995,99,145
1995,100,285
1996,0,20828
1996,1,1966
1996,2,1371
1996,3,955
1996,4,675
1996,5,485
1996,6,362
1996,7,291
1996,8,257
1996,9,250
1996,10,255
1996,11,284
1996,12,345
1996,13,449
1996,14,610
1996,15,844
1996,16,1153
1996,17,1497
1996,18,1820
1996,19,2031
1996,20,2098
1996,21,2070
1996,22,2010
1996,23,1967
1996,24,1953
1996,25,1964
1996,26,1979
1996,27,1979
1996,28,1955
1996,29,1905
1996,30,1842
1996,31,1785
1996,32,1743
1996,33,1723
1996,34,1720
1996,35,1725
1996,36,1726
1996,37,1712
1996,38,1679
1996,39,1627
1996,40,1567
1996,41,1514
1996,42,1475
1996,43,1454
1996,44,1450
1996,45,1463
1996,46,1490
1996,47,1486
1996,48,1485
1996,49,1521
1996,50,1550
1996,51,1580
1996,52,1615
1996,53,1660
1996,54,1719
1996,55,1791
1996,56,1871
1996,57,1955
1996,58,2044
1996,59,2149
1996,60,2267
1996,61,2395
1996,62,2544
1996,63,2703
1996,64,2851
1996,65,2987
1996,66,3118
1996,67,3234
1996,68,3310
1996,69,3350
1996,70,3367
1996,71,3383
1996,72,3409
1996,73,3446
1996,74,3497
1996,75,3550
1996,76,3580
1996,77,3569
1996,78,3538
1996,79,3513
1996,80,3469
1996,81,3379
1996,82,3264
1996,83,3107
1996,84,2874
1996,85,2601
1996,86,2333
1996,87,2071
1996,88,1816
1996,89,1590
1996,90,1382
1996,91,1177
1996,92,981
1996,93,803
1996,94,642
1996,95,502
1996,96,384
1996,97,289
1996,98,212
1996,99,152
1996,100,300
1997,0,20137
1997,1,1816
1997,2,1295
1997,3,928
1997,4,669
1997,5,486
1997,6,366
1997,7,295
1997,8,260
1997,9,251
1997,10,255
1997,11,282
1997,12,339
1997,13,444
1997,14,610
1997,15,851
1997,16,1164
1997,17,1510
1997,18,1822
1997,19,2034
1997,20,2117
1997,21,2089
1997,22,2019
1997,23,1965
1997,24,1941
1997,25,1944
1997,26,1957
1997,27,1957
1997,28,1936
1997,29,1894
1997,30,1838
1997,31,1784
1997,32,1743
1997,33,1720
1997,34,1712
1997,35,1712
1997,36,1710
1997,37,1697
1997,38,1670
1997,39,1631
1997,40,1586
1997,41,1544
1997,42,1514
1997,43,1499
1997,44,1498
1997,45,1506
1997,46,1523
1997,47,1547
1997,48,1534
1997,49,1524
1997,50,1556
1997,51,1587
1997,52,1624
1997,53,1669
1997,54,1726
1997,55,1794
1997,56,1872
1997,57,1953
1997,58,2035
1997,59,2124
1997,60,2232
1997,61,2360
1997,62,2505
1997,63,2672
1997,64,2848
1997,65,3001
1997,66,3125
1997,67,3230
1997,68,3312
1997,69,3361
1997,70,3385
1997,71,3406
1997,72,3441
1997,73,3490
1997,74,3545
1997,75,3596
1997,76,3625
1997,77,3610
1997,78,3542
1997,79,3459
1997,80,3392
1997,81,3321
1997,82,3220
1997,83,3099
1997,84,2937
1997,85,2698
1997,86,2416
1997,87,2139
1997,88,1869
1997,89,1613
1997,90,1391
1997,91,1191
1997,92,999
1997,93,820
1997,94,660
1997,95,518
1997,96,397
1997,97,298
1997,98,219
1997,99,158
1997,100,314
1998,0,19562
1998,1,1712
1998,2,1233
1998,3,908
1998,4,676
1998,5,505
1998,6,386
1998,7,315
1998,8,278
1998,9,265
1998,10,267
1998,11,293
1998,12,347
1998,13,447
1998,14,611
1998,15,856
1998,16,1174
1998,17,1524
1998,18,1841
1998,19,2049
1998,20,2141
1998,21,2136
1998,22,2068
1998,23,2003
1998,24,1966
1998,25,1957
1998,26,1961
1998,27,1960
1998,28,1941
1998,29,1902
1998,30,1853
1998,31,1802
1998,32,1759
1998,33,1730
1998,34,1713
1998,35,1704
1998,36,1698
1998,37,1687
1998,38,1670
1998,39,1647
1998,40,1620
1998,41,1592
1998,42,1569
1998,43,1555
1998,44,1549
1998,45,1551
1998,46,1559
1998,47,1574
1998,48,1598
1998,49,1589
1998,50,1587
1998,51,1631
1998,52,1672
1998,53,1714
1998,54,1760
1998,55,1812
1998,56,1874
1998,57,1951
1998,58,2040
1998,59,2141
1998,60,2260
1998,61,2403
1998,62,2561
1998,63,2720
1998,64,2880
1998,65,3026
1998,66,3133
1998,67,3211
1998,68,3285
1998,69,3363
1998,70,3432
1998,71,3494
1998,72,3554
1998,73,3610
1998,74,3653
1998,75,3670
1998,76,3660
1998,77,3619
1998,78,3544
1998,79,3438
1998,80,3340
1998,81,3274
1998,82,3210
1998,83,3111
1998,84,2981
1998,85,2798
1998,86,2536
1998,87,2235
1998,88,1946
1998,89,1674
1998,90,1424
1998,91,1212
1998,92,1023
1998,93,846
1998,94,683
1998,95,538
1998,96,414
1998,97,311
1998,98,229
1998,99,165
1998,100,333
1999,0,18796
1999,1,1706
1999,2,1225
1999,3,907
1999,4,694
1999,5,537
1999,6,423
1999,7,350
1999,8,310
1999,9,294
1999,10,293
1999,11,316
1999,12,369
1999,13,466
1999,14,626
1999,15,874
1999,16,1210
1999,17,1586
1999,18,1929
1999,19,2154
1999,20,2241
1999,21,2239
1999,22,2184
1999,23,2116
1999,24,2069
1999,25,2051
1999,26,2047
1999,27,2039
1999,28,2016
1999,29,1973
1999,30,1919
1999,31,1867
1999,32,1822
1999,33,1789
1999,34,1769
1999,35,1757
1999,36,1749
1999,37,1738
1999,38,1723
1999,39,1703
1999,40,1682
1999,41,1663
1999,42,1646
1999,43,1635
1999,44,1631
1999,45,1635
1999,46,1643
1999,47,1653
1999,48,1669
1999,49,1692
1999,50,1680
1999,51,1674
1999,52,1714
1999,53,1750
1999,54,1787
1999,55,1831
1999,56,1887
1999,57,1961
1999,58,2058
1999,59,2176
1999,60,2307
1999,61,2451
1999,62,2608
1999,63,2763
1999,64,2902
1999,65,3033
1999,66,3148
1999,67,3235
1999,68,3312
1999,69,3406
1999,70,3519
1999,71,3625
1999,72,3712
1999,73,3773
1999,74,3803
1999,75,3798
1999,76,3759
1999,77,3696
1999,78,3616
1999,79,3521
1999,80,3411
1999,81,3320
1999,82,3266
1999,83,3210
1999,84,3112
1999,85,2975
1999,86,2777
1999,87,2496
1999,88,2177
1999,89,1872
1999,90,1590
1999,91,1334
1999,92,1119
1999,93,931
1999,94,757
1999,95,599
1999,96,464
1999,97,350
1999,98,258
1999,99,186
1999,100,378
2000,0,18049
2000,1,1672
2000,2,1214
2000,3,892
2000,4,676
2000,5,525
2000,6,417
2000,7,344
2000,8,301
2000,9,283
2000,10,280
2000,11,301
2000,12,351
2000,13,447
2000,14,606
2000,15,852
2000,16,1201
2000,17,1614
2000,18,2000
2000,19,2261
2000,20,2369
2000,21,2358
2000,22,2299
2000,23,2234
2000,24,2172
2000,25,2131
2000,26,2107
2000,27,2084
2000,28,2054
2000,29,2012
2000,30,1963
2000,31,1917
2000,32,1881
2000,33,1855
2000,34,1838
2000,35,1828
2000,36,1820
2000,37,1811
2000,38,1798
2000,39,1783
2000,40,1765
2000,41,1749
2000,42,1734
2000,43,1720
2000,44,1710
2000,45,1706
2000,46,1710
2000,47,1721
2000,48,1738
2000,49,1762
2000,50,1794
2000,51,1784
2000,52,1772
2000,53,1804
2000,54,1828
2000,55,1855
2000,56,1898
2000,57,1966
2000,58,2066
2000,59,2199
2000,60,2355
2000,61,2514
2000,62,2666
2000,63,2807
2000,64,2927
2000,65,3026
2000,66,3128
2000,67,3239
2000,68,3353
2000,69,3479
2000,70,3633
2000,71,3795
2000,72,3918
2000,73,3981
2000,74,3982
2000,75,3939
2000,76,3868
2000,77,3784
2000,78,3705
2000,79,3634
2000,80,3563
2000,81,3480
2000,82,3405
2000,83,3352
2000,84,3282
2000,85,3154
2000,86,2979
2000,87,2744
2000,88,2431
2000,89,2090
2000,90,1774
2000,91,1485
2000,92,1228
2000,93,1014
2000,94,828
2000,95,658
2000,96,510
2000,97,387
2000,98,285
2000,99,205
2000,100,416
2001,0,17327
2001,1,1586
2001,2,1169
2001,3,873
2001,4,658
2001,5,509
2001,6,409
2001,7,343
2001,8,302
2001,9,283
2001,10,279
2001,11,299
2001,12,347
2001,13,439
2001,14,593
2001,15,827
2001,16,1155
2001,17,1553
2001,18,1947
2001,19,2219
2001,20,2335
2001,21,2330
2001,22,2261
2001,23,2202
2001,24,2158
2001,25,2119
2001,26,2087
2001,27,2056
2001,28,2019
2001,29,1974
2001,30,1927
2001,31,1884
2001,32,1853
2001,33,1836
2001,34,1828
2001,35,1826
2001,36,1826
2001,37,1822
2001,38,1813
2001,39,1798
2001,40,1782
2001,41,1765
2001,42,1751
2001,43,1742
2001,44,1736
2001,45,1736
2001,46,1744
2001,47,1761
2001,48,1785
2001,49,1811
2001,50,1841
2001,51,1874
2001,52,1859
2001,53,1843
2001,54,1875
2001,55,1906
2001,56,1949
2001,57,2014
2001,58,2107
2001,59,2229
2001,60,2376
2001,61,2529
2001,62,2668
2001,63,2789
2001,64,2901
2001,65,3008
2001,66,3116
2001,67,3246
2001,68,3399
2001,69,3550
2001,70,3699
2001,71,3849
2001,72,3978
2001,73,4051
2001,74,4063
2001,75,4032
2001,76,3980
2001,77,3920
2001,78,3857
2001,79,3793
2001,80,3726
2001,81,3640
2001,82,3525
2001,83,3410
2001,84,3312
2001,85,3197
2001,86,3029
2001,87,2821
2001,88,2560
2001,89,2234
2001,90,1890
2001,91,1577
2001,92,1298
2001,93,1053
2001,94,851
2001,95,678
2001,96,527
2001,97,399
2001,98,295
2001,99,212
2001,100,427
2002,0,16776
2002,1,1518
2002,2,1119
2002,3,847
2002,4,648
2002,5,499
2002,6,399
2002,7,338
2002,8,303
2002,9,285
2002,10,280
2002,11,298
2002,12,345
2002,13,433
2002,14,579
2002,15,801
2002,16,1102
2002,17,1459
2002,18,1828
2002,19,2110
2002,20,2248
2002,21,2261
2002,22,2204
2002,23,2137
2002,24,2096
2002,25,2072
2002,26,2040
2002,27,2002
2002,28,1960
2002,29,1913
2002,30,1866
2002,31,1828
2002,32,1800
2002,33,1785
2002,34,1784
2002,35,1789
2002,36,1796
2002,37,1802
2002,38,1802
2002,39,1797
2002,40,1787
2002,41,1774
2002,42,1761
2002,43,1751
2002,44,1746
2002,45,1746
2002,46,1755
2002,47,1775
2002,48,1805
2002,49,1841
2002,50,1877
2002,51,1913
2002,52,1950
2002,53,1936
2002,54,1925
2002,55,1970
2002,56,2020
2002,57,2085
2002,58,2173
2002,59,2283
2002,60,2413
2002,61,2553
2002,62,2687
2002,63,2802
2002,64,2905
2002,65,3017
2002,66,3141
2002,67,3278
2002,68,3442
2002,69,3617
2002,70,3770
2002,71,3895
2002,72,4003
2002,73,4087
2002,74,4127
2002,75,4132
2002,76,4119
2002,77,4097
2002,78,4064
2002,79,4010
2002,80,3933
2002,81,3825
2002,82,3678
2002,83,3494
2002,84,3308
2002,85,3145
2002,86,2974
2002,87,2764
2002,88,2528
2002,89,2256
2002,90,1936
2002,91,1611
2002,92,1320
2002,93,1065
2002,94,845
2002,95,665
2002,96,518
2002,97,393
2002,98,290
2002,99,209
2002,100,420
2003,0,16023
2003,1,1343
2003,2,990
2003,3,743
2003,4,569
2003,5,439
2003,6,347
2003,7,291
2003,8,265
2003,9,257
2003,10,260
2003,11,281
2003,12,327
2003,13,410
2003,14,543
2003,15,739
2003,16,1000
2003,17,1299
2003,18,1596
2003,19,1835
2003,20,1972
2003,21,2004
2003,22,1973
2003,23,1932
2003,24,1904
2003,25,1901
2003,26,1899
2003,27,1870
2003,28,1823
2003,29,1767
2003,30,1710
2003,31,1664
2003,32,1634
2003,33,1622
2003,34,1627
2003,35,1644
2003,36,1664
2003,37,1680
2003,38,1689
2003,39,1689
2003,40,1682
2003,41,1674
2003,42,1668
2003,43,1667
2003,44,1676
2003,45,1692
2003,46,1713
2003,47,1739
2003,48,1769
2003,49,1802
2003,50,1836
2003,51,1869
2003,52,1907
2003,53,1954
2003,54,1962
2003,55,1981
2003,56,2059
2003,57,2139
2003,58,2223
2003,59,2314
2003,60,2412
2003,61,2517
2003,62,2629
2003,63,2745
2003,64,2860
2003,65,2984
2003,66,3128
2003,67,3287
2003,68,3445
2003,69,3607
2003,70,3757
2003,71,3867
2003,72,3949
2003,73,4032
2003,74,4121
2003,75,4195
2003,76,4247
2003,77,4274
2003,78,4270
2003,79,4222
2003,80,4120
2003,81,3973
2003,82,3787
2003,83,3568
2003,84,3325
2003,85,3095
2003,86,2898
2003,87,2700
2003,88,2472
2003,89,2225
2003,90,1952
2003,91,1645
2003,92,1343
2003,93,1078
2003,94,852
2003,95,660
2003,96,509
2003,97,387
2003,98,286
2003,99,206
2003,100,414
2004,0,15311
2004,1,1295
2004,2,952
2004,3,712
2004,4,544
2004,5,424
2004,6,338
2004,7,282
2004,8,254
2004,9,248
2004,10,253
2004,11,274
2004,12,316
2004,13,391
2004,14,512
2004,15,688
2004,16,920
2004,17,1188
2004,18,1455
2004,19,1675
2004,20,1829
2004,21,1903
2004,22,1905
2004,23,1877
2004,24,1848
2004,25,1826
2004,26,1817
2004,27,1797
2004,28,1750
2004,29,1691
2004,30,1634
2004,31,1589
2004,32,1560
2004,33,1550
2004,34,1555
2004,35,1570
2004,36,1592
2004,37,1611
2004,38,1624
2004,39,1631
2004,40,1632
2004,41,1630
2004,42,1629
2004,43,1633
2004,44,1644
2004,45,1662
2004,46,1688
2004,47,1719
2004,48,1755
2004,49,1796
2004,50,1839
2004,51,1883
2004,52,1925
2004,53,1970
2004,54,2023
2004,55,2034
2004,56,2055
2004,57,2136
2004,58,2217
2004,59,2301
2004,60,2390
2004,61,2487
2004,62,2593
2004,63,2712
2004,64,2840
2004,65,2973
2004,66,3119
2004,67,3285
2004,68,3461
2004,69,3631
2004,70,3797
2004,71,3945
2004,72,4048
2004,73,4120
2004,74,4196
2004,75,4279
2004,76,4346
2004,77,4388
2004,78,4400
2004,79,4375
2004,80,4299
2004,81,4165
2004,82,3982
2004,83,3761
2004,84,3506
2004,85,3230
2004,86,2968
2004,87,2740
2004,88,2515
2004,89,2268
2004,90,2009
2004,91,1735
2004,92,1438
2004,93,1153
2004,94,908
2004,95,701
2004,96,531
2004,97,400
2004,98,297
2004,99,214
2004,100,430
2005,0,14567
2005,1,1233
2005,2,920
2005,3,692
2005,4,531
2005,5,416
2005,6,336
2005,7,283
2005,8,252
2005,9,242
2005,10,248
2005,11,270
2005,12,311
2005,13,381
2005,14,494
2005,15,655
2005,16,864
2005,17,1102
2005,18,1340
2005,19,1531
2005,20,1663
2005,21,1745
2005,22,1778
2005,23,1778
2005,24,1768
2005,25,1759
2005,26,1747
2005,27,1733
2005,28,1702
2005,29,1642
2005,30,1576
2005,31,1522
2005,32,1485
2005,33,1470
2005,34,1475
2005,35,1492
2005,36,1516
2005,37,1541
2005,38,1558
2005,39,1567
2005,40,1570
2005,41,1571
2005,42,1576
2005,43,1588
2005,44,1609
2005,45,1640
2005,46,1680
2005,47,1724
2005,48,1768
2005,49,1813
2005,50,1858
2005,51,1904
2005,52,1951
2005,53,1998
2005,54,2051
2005,55,2113
2005,56,2130
2005,57,2152
2005,58,2235
2005,59,2312
2005,60,2392
2005,61,2481
2005,62,2585
2005,63,2708
2005,64,2853
2005,65,3012
2005,66,3173
2005,67,3335
2005,68,3504
2005,69,3669
2005,70,3819
2005,71,3967
2005,72,4106
2005,73,4212
2005,74,4299
2005,75,4396
2005,76,4495
2005,77,4562
2005,78,4584
2005,79,4555
2005,80,4476
2005,81,4344
2005,82,4161
2005,83,3938
2005,84,3686
2005,85,3406
2005,86,3106
2005,87,2820
2005,88,2567
2005,89,2319
2005,90,2055
2005,91,1789
2005,92,1516
2005,93,1233
2005,94,969
2005,95,747
2005,96,563
2005,97,417
2005,98,306
2005,99,221
2005,100,444
2006,0,13861
2006,1,1168
2006,2,878
2006,3,665
2006,4,509
2006,5,396
2006,6,320
2006,7,272
2006,8,245
2006,9,234
2006,10,237
2006,11,260
2006,12,304
2006,13,373
2006,14,479
2006,15,630
2006,16,822
2006,17,1037
2006,18,1250
2006,19,1427
2006,20,1547
2006,21,1622
2006,22,1670
2006,23,1702
2006,24,1717
2006,25,1723
2006,26,1719
2006,27,1700
2006,28,1672
2006,29,1626
2006,30,1560
2006,31,1497
2006,32,1453
2006,33,1430
2006,34,1428
2006,35,1441
2006,36,1463
2006,37,1487
2006,38,1507
2006,39,1520
2006,40,1527
2006,41,1533
2006,42,1543
2006,43,1561
2006,44,1588
2006,45,1624
2006,46,1668
2006,47,1718
2006,48,1770
2006,49,1820
2006,50,1871
2006,51,1923
2006,52,1977
2006,53,2032
2006,54,2087
2006,55,2145
2006,56,2209
2006,57,2222
2006,58,2238
2006,59,2317
2006,60,2395
2006,61,2484
2006,62,2594
2006,63,2730
2006,64,2892
2006,65,3074
2006,66,3260
2006,67,3430
2006,68,3582
2006,69,3731
2006,70,3872
2006,71,4007
2006,72,4154
2006,73,4303
2006,74,4426
2006,75,4525
2006,76,4620
2006,77,4699
2006,78,4725
2006,79,4694
2006,80,4610
2006,81,4484
2006,82,4318
2006,83,4108
2006,84,3863
2006,85,3587
2006,86,3280
2006,87,2951
2006,88,2637
2006,89,2359
2006,90,2092
2006,91,1821
2006,92,1556
2006,93,1294
2006,94,1032
2006,95,794
2006,96,597
2006,97,439
2006,98,317
2006,99,226
2006,100,455
2007,0,13322
2007,1,1123
2007,2,835
2007,3,633
2007,4,486
2007,5,377
2007,6,302
2007,7,257
2007,8,235
2007,9,228
2007,10,231
2007,11,253
2007,12,298
2007,13,374
2007,14,484
2007,15,634
2007,16,824
2007,17,1032
2007,18,1233
2007,19,1394
2007,20,1504
2007,21,1566
2007,22,1602
2007,23,1642
2007,24,1683
2007,25,1709
2007,26,1717
2007,27,1704
2007,28,1669
2007,29,1625
2007,30,1570
2007,31,1507
2007,32,1454
2007,33,1424
2007,34,1414
2007,35,1421
2007,36,1439
2007,37,1458
2007,38,1475
2007,39,1489
2007,40,1500
2007,41,1511
2007,42,1529
2007,43,1556
2007,44,1593
2007,45,1639
2007,46,1690
2007,47,1743
2007,48,1797
2007,49,1848
2007,50,1897
2007,51,1948
2007,52,2002
2007,53,2063
2007,54,2127
2007,55,2190
2007,56,2255
2007,57,2325
2007,58,2339
2007,59,2360
2007,60,2450
2007,61,2545
2007,62,2657
2007,63,2790
2007,64,2946
2007,65,3117
2007,66,3294
2007,67,3461
2007,68,3601
2007,69,3729
2007,70,3865
2007,71,4016
2007,72,4178
2007,73,4361
2007,74,4545
2007,75,4683
2007,76,4773
2007,77,4837
2007,78,4868
2007,79,4844
2007,80,4770
2007,81,4659
2007,82,4519
2007,83,4343
2007,84,4121
2007,85,3856
2007,86,3550
2007,87,3211
2007,88,2852
2007,89,2513
2007,90,2216
2007,91,1938
2007,92,1662
2007,93,1398
2007,94,1142
2007,95,892
2007,96,669
2007,97,489
2007,98,349
2007,99,244
2007,100,475
2008,0,12790
2008,1,1071
2008,2,787
2008,3,591
2008,4,453
2008,5,351
2008,6,280
2008,7,237
2008,8,218
2008,9,217
2008,10,224
2008,11,246
2008,12,290
2008,13,367
2008,14,482
2008,15,637
2008,16,828
2008,17,1038
2008,18,1238
2008,19,1391
2008,20,1488
2008,21,1540
2008,22,1564
2008,23,1591
2008,24,1637
2008,25,1684
2008,26,1707
2008,27,1699
2008,28,1665
2008,29,1610
2008,30,1556
2008,31,1503
2008,32,1449
2008,33,1409
2008,34,1388
2008,35,1384
2008,36,1391
2008,37,1403
2008,38,1418
2008,39,1433
2008,40,1451
2008,41,1472
2008,42,1499
2008,43,1533
2008,44,1574
2008,45,1621
2008,46,1672
2008,47,1724
2008,48,1777
2008,49,1831
2008,50,1886
2008,51,1941
2008,52,1999
2008,53,2062
2008,54,2128
2008,55,2195
2008,56,2259
2008,57,2324
2008,58,2396
2008,59,2416
2008,60,2448
2008,61,2557
2008,62,2674
2008,63,2802
2008,64,2946
2008,65,3100
2008,66,3259
2008,67,3418
2008,68,3569
2008,69,3707
2008,70,3845
2008,71,4003
2008,72,4178
2008,73,4353
2008,74,4530
2008,75,4682
2008,76,4770
2008,77,4806
2008,78,4825
2008,79,4831
2008,80,4805
2008,81,4743
2008,82,4646
2008,83,4508
2008,84,4314
2008,85,4057
2008,86,3747
2008,87,3401
2008,88,3031
2008,89,2656
2008,90,2311
2008,91,2013
2008,92,1738
2008,93,1468
2008,94,1212
2008,95,968
2008,96,736
2008,97,536
2008,98,381
2008,99,264
2008,100,492
2009,0,12181
2009,1,1016
2009,2,747
2009,3,559
2009,4,431
2009,5,338
2009,6,273
2009,7,233
2009,8,214
2009,9,213
2009,10,223
2009,11,248
2009,12,291
2009,13,364
2009,14,479
2009,15,641
2009,16,839
2009,17,1054
2009,18,1256
2009,19,1402
2009,20,1482
2009,21,1513
2009,22,1522
2009,23,1531
2009,24,1556
2009,25,1600
2009,26,1639
2009,27,1645
2009,28,1621
2009,29,1574
2009,30,1517
2009,31,1468
2009,32,1425
2009,33,1382
2009,34,1348
2009,35,1331
2009,36,1327
2009,37,1333
2009,38,1348
2009,39,1370
2009,40,1397
2009,41,1432
2009,42,1469
2009,43,1510
2009,44,1554
2009,45,1601
2009,46,1653
2009,47,1708
2009,48,1768
2009,49,1833
2009,50,1903
2009,51,1974
2009,52,2042
2009,53,2107
2009,54,2169
2009,55,2230
2009,56,2292
2009,57,2357
2009,58,2433
2009,59,2527
2009,60,2572
2009,61,2629
2009,62,2760
2009,63,2881
2009,64,2996
2009,65,3111
2009,66,3231
2009,67,3362
2009,68,3511
2009,69,3675
2009,70,3842
2009,71,4018
2009,72,4209
2009,73,4396
2009,74,4557
2009,75,4699
2009,76,4806
2009,77,4856
2009,78,4873
2009,79,4894
2009,80,4921
2009,81,4922
2009,82,4882
2009,83,4789
2009,84,4634
2009,85,4406
2009,86,4105
2009,87,3753
2009,88,3370
2009,89,2972
2009,90,2578
2009,91,2221
2009,92,1910
2009,93,1622
2009,94,1344
2009,95,1082
2009,96,840
2009,97,620
2009,98,438
2009,99,302
2009,100,539
2010,0,11523
2010,1,1007
2010,2,730
2010,3,541
2010,4,415
2010,5,327
2010,6,267
2010,7,231
2010,8,213
2010,9,212
2010,10,222
2010,11,250
2010,12,297
2010,13,369
2010,14,482
2010,15,649
2010,16,863
2010,17,1089
2010,18,1290
2010,19,1427
2010,20,1492
2010,21,1503
2010,22,1495
2010,23,1497
2010,24,1514
2010,25,1552
2010,26,1603
2010,27,1636
2010,28,1627
2010,29,1583
2010,30,1522
2010,31,1458
2010,32,1411
2010,33,1375
2010,34,1341
2010,35,1319
2010,36,1311
2010,37,1315
2010,38,1328
2010,39,1348
2010,40,1374
2010,41,1406
2010,42,1445
2010,43,1488
2010,44,1536
2010,45,1589
2010,46,1648
2010,47,1712
2010,48,1782
2010,49,1854
2010,50,1930
2010,51,2004
2010,52,2075
2010,53,2138
2010,54,2196
2010,55,2254
2010,56,2316
2010,57,2386
2010,58,2466
2010,59,2561
2010,60,2675
2010,61,2731
2010,62,2788
2010,63,2912
2010,64,3017
2010,65,3115
2010,66,3218
2010,67,3337
2010,68,3481
2010,69,3651
2010,70,3836
2010,71,4013
2010,72,4181
2010,73,4343
2010,74,4487
2010,75,4604
2010,76,4713
2010,77,4810
2010,78,4874
2010,79,4919
2010,80,4972
2010,81,5022
2010,82,5025
2010,83,4962
2010,84,4826
2010,85,4616
2010,86,4333
2010,87,3986
2010,88,3599
2010,89,3193
2010,90,2781
2010,91,2381
2010,92,2020
2010,93,1705
2010,94,1417
2010,95,1142
2010,96,895
2010,97,674
2010,98,482
2010,99,331
2010,100,576
2011,0,10877
2011,1,958
2011,2,697
2011,3,516
2011,4,392
2011,5,305
2011,6,249
2011,7,217
2011,8,202
2011,9,202
2011,10,212
2011,11,239
2011,12,287
2011,13,361
2011,14,467
2011,15,624
2011,16,839
2011,17,1080
2011,18,1291
2011,19,1425
2011,20,1480
2011,21,1478
2011,22,1450
2011,23,1431
2011,24,1432
2011,25,1449
2011,26,1479
2011,27,1514
2011,28,1530
2011,29,1511
2011,30,1467
2011,31,1416
2011,32,1366
2011,33,1332
2011,34,1308
2011,35,1284
2011,36,1270
2011,37,1269
2011,38,1281
2011,39,1303
2011,40,1335
2011,41,1371
2011,42,1413
2011,43,1458
2011,44,1505
2011,45,1556
2011,46,1612
2011,47,1676
2011,48,1748
2011,49,1827
2011,50,1911
2011,51,1996
2011,52,2081
2011,53,2160
2011,54,2234
2011,55,2306
2011,56,2384
2011,57,2472
2011,58,2568
2011,59,2671
2011,60,2781
2011,61,2895
2011,62,2933
2011,63,2963
2011,64,3060
2011,65,3146
2011,66,3237
2011,67,3353
2011,68,3502
2011,69,3686
2011,70,3894
2011,71,4101
2011,72,4278
2011,73,4424
2011,74,4554
2011,75,4671
2011,76,4776
2011,77,4890
2011,78,5006
2011,79,5087
2011,80,5140
2011,81,5182
2011,82,5200
2011,83,5155
2011,84,5036
2011,85,4844
2011,86,4585
2011,87,4258
2011,88,3873
2011,89,3452
2011,90,3016
2011,91,2584
2011,92,2170
2011,93,1802
2011,94,1484
2011,95,1198
2011,96,940
2011,97,714
2011,98,521
2011,99,361
2011,100,619
2012,0,10350
2012,1,858
2012,2,644
2012,3,490
2012,4,376
2012,5,293
2012,6,237
2012,7,206
2012,8,192
2012,9,191
2012,10,199
2012,11,223
2012,12,267
2012,13,339
2012,14,447
2012,15,599
2012,16,806
2012,17,1052
2012,18,1279
2012,19,1418
2012,20,1462
2012,21,1446
2012,22,1404
2012,23,1369
2012,24,1355
2012,25,1363
2012,26,1381
2012,27,1405
2012,28,1428
2012,29,1433
2012,30,1408
2012,31,1367
2012,32,1323
2012,33,1283
2012,34,1260
2012,35,1246
2012,36,1232
2012,37,1226
2012,38,1234
2012,39,1252
2012,40,1282
2012,41,1320
2012,42,1363
2012,43,1410
2012,44,1463
2012,45,1518
2012,46,1578
2012,47,1644
2012,48,1717
2012,49,1796
2012,50,1880
2012,51,1969
2012,52,2060
2012,53,2154
2012,54,2250
2012,55,2345
2012,56,2442
2012,57,2542
2012,58,2645
2012,59,2746
2012,60,2841
2012,61,2931
2012,62,3021
2012,63,3035
2012,64,3053
2012,65,3159
2012,66,3271
2012,67,3403
2012,68,3565
2012,69,3752
2012,70,3957
2012,71,4162
2012,72,4343
2012,73,4484
2012,74,4597
2012,75,4713
2012,76,4836
2012,77,4960
2012,78,5098
2012,79,5222
2012,80,5288
2012,81,5298
2012,82,5276
2012,83,5220
2012,84,5099
2012,85,4914
2012,86,4667
2012,87,4363
2012,88,4000
2012,89,3586
2012,90,3146
2012,91,2702
2012,92,2270
2012,93,1867
2012,94,1513
2012,95,1210
2012,96,950
2012,97,722
2012,98,530
2012,99,374
2012,100,640
2013,0,9889
2013,1,804
2013,2,604
2013,3,464
2013,4,363
2013,5,285
2013,6,231
2013,7,199
2013,8,186
2013,9,187
2013,10,196
2013,11,219
2013,12,261
2013,13,331
2013,14,440
2013,15,595
2013,16,792
2013,17,1022
2013,18,1251
2013,19,1406
2013,20,1459
2013,21,1438
2013,22,1388
2013,23,1340
2013,24,1308
2013,25,1297
2013,26,1302
2013,27,1312
2013,28,1328
2013,29,1346
2013,30,1351
2013,31,1333
2013,32,1299
2013,33,1261
2013,34,1226
2013,35,1205
2013,36,1193
2013,37,1183
2013,38,1185
2013,39,1203
2013,40,1235
2013,41,1276
2013,42,1326
2013,43,1377
2013,44,1432
2013,45,1490
2013,46,1552
2013,47,1618
2013,48,1692
2013,49,1773
2013,50,1863
2013,51,1960
2013,52,2065
2013,53,2177
2013,54,2294
2013,55,2414
2013,56,2532
2013,57,2646
2013,58,2755
2013,59,2856
2013,60,2946
2013,61,3024
2013,62,3101
2013,63,3186
2013,64,3205
2013,65,3244
2013,66,3388
2013,67,3543
2013,68,3716
2013,69,3904
2013,70,4102
2013,71,4296
2013,72,4480
2013,73,4641
2013,74,4771
2013,75,4893
2013,76,5032
2013,77,5181
2013,78,5319
2013,79,5446
2013,80,5533
2013,81,5538
2013,82,5477
2013,83,5389
2013,84,5275
2013,85,5107
2013,86,4878
2013,87,4587
2013,88,4236
2013,89,3826
2013,90,3373
2013,91,2905
2013,92,2447
2013,93,2013
2013,94,1617
2013,95,1276
2013,96,992
2013,97,753
2013,98,552
2013,99,392
2013,100,680
2014,0,9444
2014,1,757
2014,2,572
2014,3,442
2014,4,352
2014,5,284
2014,6,234
2014,7,202
2014,8,187
2014,9,187
2014,10,196
2014,11,219
2014,12,259
2014,13,325
2014,14,428
2014,15,581
2014,16,778
2014,17,992
2014,18,1203
2014,19,1366
2014,20,1444
2014,21,1436
2014,22,1385
2014,23,1331
2014,24,1289
2014,25,1263
2014,26,1253
2014,27,1255
2014,28,1260
2014,29,1271
2014,30,1288
2014,31,1294
2014,32,1281
2014,33,1256
2014,34,1227
2014,35,1203
2014,36,1193
2014,37,1192
2014,38,1192
2014,39,1201
2014,40,1223
2014,41,1256
2014,42,1298
2014,43,1347
2014,44,1402
2014,45,1464
2014,46,1535
2014,47,1615
2014,48,1704
2014,49,1804
2014,50,1911
2014,51,2023
2014,52,2137
2014,53,2251
2014,54,2365
2014,55,2478
2014,56,2589
2014,57,2697
2014,58,2803
2014,59,2910
2014,60,3016
2014,61,3120
2014,62,3220
2014,63,3326
2014,64,3447
2014,65,3499
2014,66,3566
2014,67,3738
2014,68,3907
2014,69,4076
2014,70,4246
2014,71,4416
2014,72,4589
2014,73,4765
2014,74,4939
2014,75,5099
2014,76,5258
2014,77,5428
2014,78,5587
2014,79,5709
2014,80,5798
2014,81,5835
2014,82,5790
2014,83,5685
2014,84,5560
2014,85,5407
2014,86,5190
2014,87,4901
2014,88,4542
2014,89,4123
2014,90,3656
2014,91,3165
2014,92,2675
2014,93,2208
2014,94,1776
2014,95,1389
2014,96,1062
2014,97,797
2014,98,584
2014,99,413
2014,100,724
2015,0,8927
2015,1,714
2015,2,544
2015,3,420
2015,4,332
2015,5,270
2015,6,226
2015,7,197
2015,8,182
2015,9,181
2015,10,191
2015,11,215
2015,12,256
2015,13,320
2015,14,418
2015,15,563
2015,16,756
2015,17,971
2015,18,1165
2015,19,1311
2015,20,1399
2015,21,1415
2015,22,1376
2015,23,1323
2015,24,1280
2015,25,1251
2015,26,1235
2015,27,1229
2015,28,1231
2015,29,1234
2015,30,1243
2015,31,1257
2015,32,1266
2015,33,1258
2015,34,1241
2015,35,1223
2015,36,1209
2015,37,1209
2015,38,1215
2015,39,1218
2015,40,1227
2015,41,1249
2015,42,1283
2015,43,1330
2015,44,1391
2015,45,1462
2015,46,1545
2015,47,1637
2015,48,1736
2015,49,1840
2015,50,1948
2015,51,2061
2015,52,2176
2015,53,2295
2015,54,2417
2015,55,2542
2015,56,2671
2015,57,2798
2015,58,2920
2015,59,3039
2015,60,3157
2015,61,3274
2015,62,3391
2015,63,3507
2015,64,3633
2015,65,3774
2015,66,3834
2015,67,3901
2015,68,4074
2015,69,4232
2015,70,4384
2015,71,4539
2015,72,4706
2015,73,4888
2015,74,5088
2015,75,5290
2015,76,5469
2015,77,5631
2015,78,5784
2015,79,5912
2015,80,5998
2015,81,6056
2015,82,6071
2015,83,6005
2015,84,5872
2015,85,5699
2015,86,5477
2015,87,5175
2015,88,4796
2015,89,4356
2015,90,3877
2015,91,3375
2015,92,2868
2015,93,2377
2015,94,1917
2015,95,1500
2015,96,1135
2015,97,839
2015,98,607
2015,99,429
2015,100,753
2016,0,8435
2016,1,661
2016,2,517
2016,3,406
2016,4,324
2016,5,264
2016,6,224
2016,7,198
2016,8,183
2016,9,180
2016,10,187
2016,11,208
2016,12,247
2016,13,309
2016,14,401
2016,15,537
2016,16,722
2016,17,941
2016,18,1148
2016,19,1288
2016,20,1366
2016,21,1397
2016,22,1385
2016,23,1348
2016,24,1309
2016,25,1285
2016,26,1269
2016,27,1257
2016,28,1248
2016,29,1240
2016,30,1231
2016,31,1230
2016,32,1240
2016,33,1250
2016,34,1249
2016,35,1243
2016,36,1237
2016,37,1232
2016,38,1237
2016,39,1244
2016,40,1246
2016,41,1255
2016,42,1278
2016,43,1318
2016,44,1377
2016,45,1452
2016,46,1540
2016,47,1641
2016,48,1749
2016,49,1861
2016,50,1976
2016,51,2093
2016,52,2212
2016,53,2333
2016,54,2458
2016,55,2586
2016,56,2718
2016,57,2854
2016,58,2992
2016,59,3127
2016,60,3263
2016,61,3400
2016,62,3539
2016,63,3675
2016,64,3806
2016,65,3939
2016,66,4080
2016,67,4124
2016,68,4172
2016,69,4333
2016,70,4482
2016,71,4637
2016,72,4810
2016,73,5005
2016,74,5220
2016,75,5441
2016,76,5645
2016,77,5802
2016,78,5921
2016,79,6027
2016,80,6115
2016,81,6175
2016,82,6222
2016,83,6225
2016,84,6131
2016,85,5941
2016,86,5682
2016,87,5356
2016,88,4948
2016,89,4483
2016,90,3985
2016,91,3477
2016,92,2968
2016,93,2470
2016,94,1998
2016,95,1564
2016,96,1184
2016,97,867
2016,98,618
2016,99,432
2016,100,765
2017,0,8217
2017,1,635
2017,2,500
2017,3,396
2017,4,317
2017,5,259
2017,6,219
2017,7,196
2017,8,185
2017,9,184
2017,10,191
2017,11,211
2017,12,250
2017,13,311
2017,14,402
2017,15,531
2017,16,704
2017,17,909
2017,18,1115
2017,19,1264
2017,20,1334
2017,21,1361
2017,22,1370
2017,23,1364
2017,24,1345
2017,25,1324
2017,26,1309
2017,27,1294
2017,28,1274
2017,29,1254
2017,30,1237
2017,31,1225
2017,32,1226
2017,33,1245
2017,34,1268
2017,35,1280
2017,36,1282
2017,37,1277
2017,38,1268
2017,39,1265
2017,40,1264
2017,41,1263
2017,42,1277
2017,43,1314
2017,44,1376
2017,45,1459
2017,46,1561
2017,47,1671
2017,48,1783
2017,49,1896
2017,50,2005
2017,51,2114
2017,52,2230
2017,53,2355
2017,54,2493
2017,55,2641
2017,56,2798
2017,57,2959
2017,58,3120
2017,59,3277
2017,60,3425
2017,61,3566
2017,62,3703
2017,63,3837
2017,64,3964
2017,65,4082
2017,66,4203
2017,67,4335
2017,68,4371
2017,69,4421
2017,70,4601
2017,71,4779
2017,72,4964
2017,73,5159
2017,74,5361
2017,75,5556
2017,76,5735
2017,77,5879
2017,78,5975
2017,79,6051
2017,80,6138
2017,81,6228
2017,82,6297
2017,83,6334
2017,84,6291
2017,85,6104
2017,86,5788
2017,87,5394
2017,88,4947
2017,89,4456
2017,90,3946
2017,91,3437
2017,92,2940
2017,93,2456
2017,94,1993
2017,95,1564
2017,96,1188
2017,97,874
2017,98,623
2017,99,434
2017,100,768
2018,0,8091
2018,1,601
2018,2,468
2018,3,374
2018,4,302
2018,5,247
2018,6,209
2018,7,186
2018,8,179
2018,9,181
2018,10,191
2018,11,212
2018,12,250
2018,13,312
2018,14,406
2018,15,538
2018,16,708
2018,17,906
2018,18,1108
2018,19,1272
2018,20,1368
2018,21,1396
2018,22,1403
2018,23,1415
2018,24,1418
2018,25,1405
2018,26,1385
2018,27,1362
2018,28,1335
2018,29,1305
2018,30,1278
2018,31,1260
2018,32,1252
2018,33,1260
2018,34,1287
2018,35,1316
2018,36,1329
2018,37,1329
2018,38,1320
2018,39,1309
2018,40,1308
2018,41,1316
2018,42,1326
2018,43,1353
2018,44,1403
2018,45,1475
2018,46,1566
2018,47,1670
2018,48,1780
2018,49,1894
2018,50,2011
2018,51,2130
2018,52,2253
2018,53,2385
2018,54,2524
2018,55,2673
2018,56,2830
2018,57,2994
2018,58,3162
2018,59,3336
2018,60,3509
2018,61,3674
2018,62,3831
2018,63,3979
2018,64,4117
2018,65,4243
2018,66,4358
2018,67,4479
2018,68,4619
2018,69,4667
2018,70,4738
2018,71,4949
2018,72,5153
2018,73,5351
2018,74,5542
2018,75,5717
2018,76,5873
2018,77,6008
2018,78,6119
2018,79,6201
2018,80,6281
2018,81,6382
2018,82,6476
2018,83,6517
2018,84,6484
2018,85,6326
2018,86,5999
2018,87,5547
2018,88,5042
2018,89,4522
2018,90,3995
2018,91,3476
2018,92,2975
2018,93,2495
2018,94,2038
2018,95,1609
2018,96,1236
2018,97,923
2018,98,672
2018,99,479
2018,100,832
2019,0,7993
2019,1,596
2019,2,458
2019,3,362
2019,4,295
2019,5,244
2019,6,207
2019,7,184
2019,8,174
2019,9,177
2019,10,189
2019,11,210
2019,12,246
2019,13,305
2019,14,396
2019,15,528
2019,16,699
2019,17,892
2019,18,1085
2019,19,1243
2019,20,1349
2019,21,1393
2019,22,1390
2019,23,1390
2019,24,1403
2019,25,1412
2019,26,1403
2019,27,1382
2019,28,1357
2019,29,1328
2019,30,1299
2019,31,1277
2019,32,1266
2019,33,1265
2019,34,1278
2019,35,1306
2019,36,1331
2019,37,1339
2019,38,1335
2019,39,1325
2019,40,1319
2019,41,1329
2019,42,1350
2019,43,1376
2019,44,1416
2019,45,1475
2019,46,1552
2019,47,1644
2019,48,1746
2019,49,1856
2019,50,1972
2019,51,2098
2019,52,2231
2019,53,2372
2019,54,2524
2019,55,2685
2019,56,2854
2019,57,3030
2019,58,3210
2019,59,3394
2019,60,3578
2019,61,3759
2019,62,3928
2019,63,4086
2019,64,4232
2019,65,4370
2019,66,4498
2019,67,4619
2019,68,4752
2019,69,4911
2019,70,4977
2019,71,5070
2019,72,5313
2019,73,5544
2019,74,5761
2019,75,5959
2019,76,6131
2019,77,6274
2019,78,6391
2019,79,6482
2019,80,6542
2019,81,6597
2019,82,6663
2019,83,6702
2019,84,6663
2019,85,6525
2019,86,6247
2019,87,5805
2019,88,5255
2019,89,4680
2019,90,4117
2019,91,3569
2019,92,3045
2019,93,2551
2019,94,2091
2019,95,1662
2019,96,1288
2019,97,972
2019,98,718
2019,99,522
2019,100,914
2020,0,7777
2020,1,606
2020,2,447
2020,3,334
2020,4,259
2020,5,212
2020,6,181
2020,7,163
2020,8,157
2020,9,163
2020,10,181
2020,11,212
2020,12,256
2020,13,318
2020,14,405
2020,15,525
2020,16,674
2020,17,838
2020,18,999
2020,19,1143
2020,20,1263
2020,21,1356
2020,22,1411
2020,23,1436
2020,24,1462
2020,25,1493
2020,26,1507
2020,27,1493
2020,28,1464
2020,29,1432
2020,30,1404
2020,31,1383
2020,32,1375
2020,33,1385
2020,34,1410
2020,35,1452
2020,36,1512
2020,37,1571
2020,38,1611
2020,39,1636
2020,40,1656
2020,41,1678
2020,42,1716
2020,43,1765
2020,44,1815
2020,45,1878
2020,46,1967
2020,47,2082
2020,48,2224
2020,49,2391
2020,50,2577
2020,51,2779
2020,52,2990
2020,53,3203
2020,54,3416
2020,55,3635
2020,56,3864
2020,57,4111
2020,58,4380
2020,59,4670
2020,60,4972
2020,61,5272
2020,62,5547
2020,63,5782
2020,64,5978
2020,65,6153
2020,66,6324
2020,67,6507
2020,68,6708
2020,69,6941
2020,70,7207
2020,71,7293
2020,72,7350
2020,73,7546
2020,74,7655
2020,75,7714
2020,76,7766
2020,77,7842
2020,78,7966
2020,79,8134
2020,80,8308
2020,81,8425
2020,82,8460
2020,83,8405
2020,84,8214
2020,85,7862
2020,86,7384
2020,87,6788
2020,88,6083
2020,89,5343
2020,90,4639
2020,91,3985
2020,92,3369
2020,93,2795
2020,94,2268
2020,95,1785
2020,96,1380
2020,97,1041
2020,98,768
2020,99,558
2020,100,995
2021,0,7523
2021,1,563
2021,2,436
2021,3,339
2021,4,270
2021,5,225
2021,6,199
2021,7,184
2021,8,179
2021,9,185
2021,10,202
2021,11,235
2021,12,283
2021,13,347
2021,14,434
2021,15,554
2021,16,713
2021,17,903
2021,18,1101
2021,19,1280
2021,20,1435
2021,21,1561
2021,22,1660
2021,23,1722
2021,24,1752
2021,25,1784
2021,26,1823
2021,27,1843
2021,28,1833
2021,29,1809
2021,30,1790
2021,31,1779
2021,32,1777
2021,33,1790
2021,34,1821
2021,35,1866
2021,36,1934
2021,37,2031
2021,38,2137
2021,39,2232
2021,40,2318
2021,41,2400
2021,42,2478
2021,43,2567
2021,44,2649
2021,45,2714
2021,46,2788
2021,47,2896
2021,48,3044
2021,49,3237
2021,50,3473
2021,51,3738
2021,52,4023
2021,53,4316
2021,54,4609
2021,55,4903
2021,56,5211
2021,57,5540
2021,58,5899
2021,59,6280
2021,60,6666
2021,61,7026
2021,62,7336
2021,63,7576
2021,64,7741
2021,65,7869
2021,66,7998
2021,67,8160
2021,68,8369
2021,69,8607
2021,70,8869
2021,71,9128
2021,72,9107
2021,73,9025
2021,74,9103
2021,75,9107
2021,76,9104
2021,77,9141
2021,78,9243
2021,79,9389
2021,80,9537
2021,81,9608
2021,82,9521
2021,83,9283
2021,84,8923
2021,85,8444
2021,86,7852
2021,87,7191
2021,88,6465
2021,89,5674
2021,90,4878
2021,91,4137
2021,92,3461
2021,93,2843
2021,94,2285
2021,95,1784
2021,96,1375
2021,97,1034
2021,98,760
2021,99,548
2021,100,1002
2022,0,7250
2022,1,538
2022,2,425
2022,3,338
2022,4,271
2022,5,223
2022,6,192
2022,7,174
2022,8,165
2022,9,165
2022,10,175
2022,11,196
2022,12,234
2022,13,291
2022,14,371
2022,15,482
2022,16,631
2022,17,811
2022,18,996
2022,19,1146
2022,20,1242
2022,21,1297
2022,22,1327
2022,23,1352
2022,24,1367
2022,25,1374
2022,26,1394
2022,27,1424
2022,28,1440
2022,29,1432
2022,30,1412
2022,31,1391
2022,32,1373
2022,33,1359
2022,34,1356
2022,35,1364
2022,36,1378
2022,37,1405
2022,38,1450
2022,39,1502
2022,40,1543
2022,41,1576
2022,42,1605
2022,43,1632
2022,44,1674
2022,45,1722
2022,46,1767
2022,47,1823
2022,48,1903
2022,49,2009
2022,50,2140
2022,51,2291
2022,52,2456
2022,53,2633
2022,54,2825
2022,55,3027
2022,56,3242
2022,57,3472
2022,58,3715
2022,59,3968
2022,60,4223
2022,61,4470
2022,62,4701
2022,63,4915
2022,64,5109
2022,65,5282
2022,66,5444
2022,67,5606
2022,68,5778
2022,69,5958
2022,70,6136
2022,71,6319
2022,72,6518
2022,73,6569
2022,74,6639
2022,75,6890
2022,76,7117
2022,77,7322
2022,78,7513
2022,79,7676
2022,80,7786
2022,81,7821
2022,82,7761
2022,83,7597
2022,84,7369
2022,85,7106
2022,86,6785
2022,87,6377
2022,88,5908
2022,89,5365
2022,90,4735
2022,91,4072
2022,92,3438
2022,93,2861
2022,94,2337
2022,95,1866
2022,96,1460
2022,97,1115
2022,98,831
2022,99,605
2022,100,1138
2023,0,6944
2023,1,510
2023,2,408
2023,3,328
2023,4,266
2023,5,218
2023,6,184
2023,7,165
2023,8,158
2023,9,159
2023,10,167
2023,11,186
2023,12,219
2023,13,275
2023,14,356
2023,15,465
2023,16,605
2023,17,770
2023,18,941
2023,19,1084
2023,20,1174
2023,21,1213
2023,22,1228
2023,23,1241
2023,24,1258
2023,25,1270
2023,26,1274
2023,27,1289
2023,28,1312
2023,29,1323
2023,30,1314
2023,31,1294
2023,32,1275
2023,33,1260
2023,34,1247
2023,35,1242
2023,36,1245
2023,37,1254
2023,38,1275
2023,39,1310
2023,40,1345
2023,41,1371
2023,42,1391
2023,43,1412
2023,44,1439
2023,45,1481
2023,46,1531
2023,47,1579
2023,48,1636
2023,49,1711
2023,50,1805
2023,51,1918
2023,52,2051
2023,53,2201
2023,54,2370
2023,55,2557
2023,56,2760
2023,57,2979
2023,58,3212
2023,59,3455
2023,60,3701
2023,61,3941
2023,62,4171
2023,63,4385
2023,64,4584
2023,65,4771
2023,66,4943
2023,67,5113
2023,68,5286
2023,69,5466
2023,70,5649
2023,71,5834
2023,72,6036
2023,73,6269
2023,74,6380
2023,75,6516
2023,76,6837
2023,77,7133
2023,78,7397
2023,79,7611
2023,80,7752
2023,81,7801
2023,82,7750
2023,83,7587
2023,84,7312
2023,85,6964
2023,86,6578
2023,87,6141
2023,88,5635
2023,89,5074
2023,90,4461
2023,91,3804
2023,92,3160
2023,93,2575
2023,94,2062
2023,95,1611
2023,96,1233
2023,97,925
2023,98,680
2023,99,489
2023,100,902
